,userId
0,0106658lee
1,0202cjstk
2,0204my
3,0318asd
4,0420syj
5,0427clara
6,051ssaa
7,0613antonio
8,06dyk26
9,0811j
10,0911bim
11,0913vision
12,0919dh
13,0930dhs
14,0at_x
15,0general
16,0h328
17,0nrich
18,0xe82de
19,1000chw
20,1000daughter
21,1014sung
22,1017jiy
23,104arb
24,104jyj
25,10ekdms01
26,10_J
27,1106ksj
28,1114nhj
29,11kkw
30,1211ghkd
31,1217jdk
32,1220auto
33,1231hee
34,1231js
35,1234meta
36,1239824
37,1278hh
38,12dbwls34
39,12ey
40,13169
41,13579wkd
42,1532468
43,16silver
44,1729750
45,184659
46,1avn
47,1pennyplz
48,1q_2w3e4r
49,1zowing
50,2001jack
51,2001joe
52,2001star
53,2002tony
54,2005cjh
55,2012monk
56,20132419
57,201401503
58,2015136119
59,201632012
60,20183026
61,20183051
62,201911922
63,2020253067
64,2020qkrrhd
65,20210118baek
66,20210805
67,2024michaeljung
68,2025tjang
69,210113yynim
70,2147483647
71,219tyk
72,23in
73,2435232
74,2556
75,2a2aq
76,2e718
77,2eesh
78,2jyoons
79,2nner
80,2sm0320
81,300iq
82,310o
83,3184so
84,39ghwjd
85,3people
86,3sally
87,4000won
88,424tjdwns
89,42_jakang
90,4545abc
91,4802852
92,4fecta
93,52hater
94,5862www
95,5hyunseok
96,630sunghee
97,638qw
98,6668587667
99,6loutlside
100,702fbtngus
101,7533ymh
102,777joonho
103,77999jno
104,7bbang
105,7hseggi
106,7mercenary
107,8804who
108,8byte
109,901po3
110,93hschoi
111,9509lle
112,95jinwoo
113,960_628
114,96altair
115,96ycho
116,987kjh
117,98shcho
118,9911alpha
119,9967han
120,99corn
121,99edward
122,9pruruluru2
123,a0103932
124,a01152a
125,a0ab1
126,a11a11
127,a3329861
128,a33a66a99
129,a4022683
130,a90907
131,a99azaz
132,aaa
133,aaa6400
134,aaaa6658
135,aabut03
136,aaron050315
137,aaron0526
138,aasr4r4
139,aass0903
140,aattion
141,aaw1103
142,aazin159
143,abab0528
144,abcd8637
145,abcde093
146,abcdkh1209
147,abcehgus
148,abckhw
149,abcoor
150,abius
151,acaan
152,accept1788
153,acetaldehyde
154,aceww9504
155,acm2209
156,acoustic_py
157,acskr
158,act4ysr
159,ad9720
160,adaid
161,adardua
162,AdcKi
163,adds136078
164,adelviceen2
165,adf0333
166,adgdsda
167,adh30
168,adieujw
169,adiyoung0113
170,admathnoob
171,admln
172,adolfd
173,ads1724
174,adsad100
175,aegisduck
176,aekik1118
177,aepboo22
178,aeren
179,aes4546
180,aff4110
181,afnsdjgkjasdf
182,aforlife
183,afsdds5
184,agent227
185,agisd725
186,ahgns9810
187,ahn
188,ahndw55
189,ahngj96
190,ahnkjb
191,ahnrey
192,ahnstu
193,ahrud7
194,ahssen
195,AIAI
196,aiden0413
197,aig2029
198,airy123
199,ajgk07014
200,ajh1201
201,ajh1973456
202,ajhkim1208
203,ajrwk384
204,ajs2016
205,ajs7270
206,ajtnlaos
207,ajttnd
208,ajw4586
209,ajy720
210,ak003
211,aka2344
212,akachun
213,akainoo
214,akakslslzz
215,akalswl14
216,akdazzy
217,akdgns12
218,akma517
219,akscjsdl
220,aksdmj
221,aksdnr507
222,aksen98011
223,akswocho
224,aku34587
225,akxldkek
226,alanbfordaydream
227,albadw0428
228,albert0507
229,albireo3754
230,alcks12
231,aldrlsb11
232,alex0317
233,alex1461
234,alex950107
235,alexparksurgeon
236,algo98
237,algoks82
238,algorian
239,algorithm0803
240,algorithm777
241,algorithmzzang
242,algospot
243,algoyoung
244,Alinfty
245,alkwen0996
246,all789789
247,allgoodlife
248,allyzzag
249,almagest
250,alohayunsung
251,alp69799
252,alpacarua
253,alphabet
254,alphago159
255,alpyh217
256,alrnd01
257,als398
258,als982001
259,alsbmj012123
260,alsdnjsrl223
261,alsghwhro
262,alsgur9784
263,alskskal10
264,alsrb0351
265,alsrb0504
266,alsrl8259
267,alssel2525
268,alstj0506
269,alstjgg
270,alstjr989898
271,alstlr5414
272,alstmdsha
273,alstn113
274,alstn9623
275,alswhdgus9
276,alswjd7461
277,alswn8972
278,alswnssl0528
279,alswo9494
280,alsxmqkqh23
281,alsyd024
282,altmd99
283,altsaber
284,alu
285,alyssa1996
286,am003507
287,ambidext
288,amylo
289,an0520a
290,an2416
291,an286
292,anacoluthon
293,anais41721
294,anco16
295,andrew1010
296,andus91
297,andy15701
298,angela0102
299,angello10
300,angel_min
301,angly97
302,ani8570
303,anirun
304,anji00
305,anjm1020
306,anjwoc
307,anny7867
308,ansejrtj
309,ansek217
310,ansh925
311,anstjd9115
312,anstjdus1
313,ansxjrdptj94
314,ansy1219
315,ant0593
316,antangle
317,anthologia
318,antiwar
319,antjddlekd
320,antler07
321,antoliny0919
322,antonwithai
323,anytokenyou
324,aod0326
325,aofur1216
326,aogog
327,aoieuo
328,aowlr1218
329,ap3334
330,apcd01
331,apex
332,apg0001
333,apjojeongjin
334,app6048
335,appealso
336,appie701
337,appl4368
338,apple06521
339,applebeef25
340,april338
341,april908
342,aprilmagnificat
343,apxjvm
344,aquaifnt7
345,aram_father
346,aranch
347,arcane22
348,arch1229
349,arcojeong0915
350,arcsage
351,aresgod
352,aria
353,arine
354,arittung
355,arkay
356,arkingco
357,arkshart2
358,armagedd
359,arron0513
360,arroriaryeon
361,arrrrrrrrr
362,aruesin2
363,asci
364,asd0755
365,asd122032
366,asd123
367,asd1460
368,asdarwin03
369,asdf0185
370,asdf327
371,asdf5030
372,asdfghjkkl11
373,asdfguest
374,asdfz888
375,asdv94
376,asdzaq23
377,asdzxcqwe456
378,ashleysyheo
379,ashpurple
380,asj8972
381,aslanlee
382,aspomn1973
383,aspresso
384,ass9830
385,astein
386,astra7845
387,aswop123
388,asy92
389,aszxvcb
390,at8in
391,at96
392,atagkim
393,ataoka
394,atkh3n
395,ats412
396,audaks3303
397,audgnsdl115
398,audrey
399,audrn31
400,audtjrauddn
401,audwns27
402,augustin26
403,augustine91
404,aura02
405,austin0817
406,austinkim
407,awayfromkeyboard
408,awg333
409,aya01312
410,aya01317
411,ayeon97
412,ayoung0924
413,ays0321
414,az6090
415,azmairo
416,azmo
417,azxca1731
418,b116104
419,b2narae
420,back1984
421,back4740
422,backjoon0606
423,backsilver
424,bacon8282
425,baek0318
426,baek1134
427,baek2back
428,baek9652
429,baekteun
430,baek_su
431,baemin0103
432,baemung
433,baesh3744
434,baesj11
435,baesunbeam
436,baesy2000
437,baethwjd2
438,baeusa1
439,bagmeg
440,bakh1
441,bakk
442,bakukun
443,balance0591
444,baleian
445,bally14
446,banabina
447,banacbc1
448,banana100219
449,banana970
450,bangbadak
451,bangdeng2
452,bangjh0430
453,banjjak123
454,banlxx
455,banner4
456,barding9968
457,barock
458,barrett
459,base6666
460,basekil
461,batc
462,batherit0703
463,baugh2487
464,bb06001
465,bbaktaeho
466,bbayu
467,bbb32
468,bbbb
469,bbbjihan
470,bbbyung2
471,bbiny00
472,bbkim0904
473,bbnerino
474,bbom16
475,bbqabc
476,bc1916
477,bc6793
478,bc7817
479,bcad1591
480,bce5180
481,bch8623
482,bcw2104
483,bds193
484,bdy6859
485,bean0234
486,beasy11
487,beauboy
488,bebunny12
489,becca4011
490,beck33333
491,beddl
492,beeeg
493,beenang00
494,beepurple
495,beeutiful
496,begachu
497,bej2ny8
498,belarus92
499,belita76
500,belyous
501,bem2183
502,bem93
503,bemjaminjoon
504,ben399399
505,benbot5
506,beni1026
507,benjamink5
508,beomsun0829
509,beom_test
510,ber01
511,bestcu115
512,bestowing
513,beta1360
514,betteryou
515,bgb10
516,bgbg789456
517,bgh2982
518,bhdj0107
519,bhh9860
520,bhs9158
521,bhwi
522,bh_17
523,bi0416
524,biank
525,bibi0218
526,bibiq5045
527,biblus
528,bigai0215
529,bigdefence
530,bigtree1214
531,biiin
532,bin430
533,binbni
534,binlala_0831
535,bionicbeaver
536,biotite135
537,bisu
538,bit0101
539,bitecode
540,bitlez3470
541,bitna482
542,bitstr58
543,bivoje49
544,bjchae9627
545,bjh6654
546,bjh7013
547,bjh99
548,bjhbhm
549,bjkaha
550,bjp032502
551,bjw040343
552,bkwak
553,bkwak28
554,black2st11
555,blackbox0209
556,blackface
557,BLACKITE
558,blackking26
559,blacksooooo
560,blackvrice
561,blanik
562,blankspxcx
563,blashi
564,blastak
565,blin00
566,blinkingchan
567,blizzrd
568,bln01
569,blo9040
570,bloa1234
571,bloom6561
572,bloquer
573,blou888
574,blowle
575,blo_ssun
576,blue00420
577,blue23
578,blue2dea
579,blueblud
580,bluebong96
581,bluefcat
582,bluehorn07
583,bluejoyq
584,bluemary
585,bluemoon42
586,bluepaun
587,blueskytime
588,bluespin
589,bluesquanium
590,bluestar10
591,bluewings109
592,blyke
593,blytheej
594,bm1387
595,bmdj123
596,bminkim
597,bmj3601
598,bn3monkey
599,bo314
600,bob123
601,bobae1998
602,boen0323
603,bogol21
604,bok03220
605,bokdol22
606,boll0918
607,bome0214
608,bon0303
609,bonan
610,bonjour14
611,bono521
612,boodooboo
613,boom22000
614,boorooksus
615,borahm87
616,borissal07
617,bosl95
618,boxresin
619,boybobo7696
620,boyland930
621,bplustree
622,brad0809
623,brandonzhang
624,brant2872
625,bravery0730
626,brent912
627,brian107403
628,briggirl2
629,bright2013
630,bright293
631,bright330
632,brobb2
633,brothersoo
634,brown97
635,bruce1115
636,bru_slime
637,brylimo
638,bsa8854
639,bsdlcksdn
640,bse59123
641,bsm311
642,btobang1
643,bubble1540
644,buginet
645,bugoverdose
646,bugpigg
647,bulnabang99
648,bum12ark
649,bumjun6602
650,bumsu
651,bunnybunny
652,burningminor
653,bw2218
654,bww9641
655,bychan99
656,byeongjin180
657,byeongkeunahn
658,byjs0908
659,bymkim
660,bypro97
661,byran1302
662,byungkyu_dev
663,bz_zu
664,b_b1bong
665,b_code_ghost
666,c0routine
667,c235335
668,c3hayoung
669,cactusnoh
670,cafelatte
671,caffe2n
672,caffeinism7
673,caindy
674,caitfuspe
675,cakeme
676,calamity0311
677,calenderofwisdom
678,calvin0627
679,camelia0_0
680,camille
681,can5166
682,caputdraconis
683,carmiel
684,carpediem804
685,caru1229
686,casdfghjke
687,castel4564
688,cathy192
689,cathy710
690,cation10w
691,catniz
692,cbda
693,cbj2741
694,cbs412
695,cc001015
696,ccc7497
697,cco2416
698,cctv1002
699,cctv16
700,ccwcs
701,ccwwsss
702,cdk999
703,cdnnnl
704,cdpkct
705,cds06126
706,cektjtro
707,celpegor216
708,cereme
709,cesces333
710,cesta123
711,cestlavie857
712,ceyamoon
713,cfbn12
714,cg10036
715,cg456456
716,cgin
717,cgkim449
718,cgy12306
719,ch1515
720,ch2w2006
721,ch4302
722,ch96an
723,chacha
724,chachaami66
725,chad9349
726,chae01122
727,chae0801
728,chaejm55
729,chaerin_ger
730,chainpark
731,chains44
732,chajiwon1007
733,chan2
734,chanboklee
735,chancha
736,chanee88
737,changas05
738,changhw
739,changi1122
740,changsub00
741,changwook987
742,changwoomon
743,chanho0325
744,chanho0912
745,chanhyuk93
746,chankipapa
747,channelsucre
748,chansollllll
749,chansolpark7
750,chanstar
751,chanugod
752,chaos7061
753,charmant90
754,charzim
755,chasal
756,chasin_star
757,chdaum
758,checkchck
759,checkpt
760,chee23
761,cheeseda1
762,chelsea2936
763,chemidong
764,chemoon100
765,cheoljoong92
766,cheolup
767,cheong
768,cheongm
769,cherub8128
770,chesed1020
771,cheshirecoder
772,cheyeyne
773,chhd25
774,chhh2017
775,chichoon
776,chickensuphreme
777,chihungim
778,chillymind
779,chinsa
780,chipmaker0304
781,chj2171
782,chj3748
783,chj5356
784,chj878194
785,chjh121
786,chjh92
787,chjiiwon30
788,chl020729
789,chlals862
790,chldbwls19
791,chldntjs555
792,chldudw
793,chlee1001
794,chlghgus10
795,chloe12
796,chlwjdals98
797,chmini
798,cho12
799,cho31250
800,cho7637
801,cho970416
802,choah76
803,choee9712
804,choeunho0222
805,chohy0555
806,chohyein96
807,choi0712
808,choice37
809,choichoi00
810,choigmp
811,choiis1207
812,choijh524
813,choism3938
814,choiwangyong
815,choiys
816,choiys0513
817,chojaeho1122
818,chojo1532
819,chojunseo
820,chokim159
821,chomil96
822,chominho96
823,choo121600
824,chooeeh
825,chosh2001
826,choshinyoung
827,chosy142
828,chotjd329
829,chowond02
830,choyj1127
831,choyj1222
832,choyj427
833,chpark1111
834,chqdlstjd2
835,chr0m3
836,chris00258
837,chris0825
838,chrisais9
839,chronine
840,chsme145
841,chsr1018
842,chsw93
843,chu1214
844,chubichubi
845,chucky3
846,chulsu0012
847,chumjio1o
848,chung3286
849,chung9868
850,chupszi
851,chw0906
852,chwon03
853,chws
854,cid_cat
855,cieske
856,cih468
857,cinema36d
858,cingulum
859,cinquantee
860,circle
861,circlezero
862,circuitbreak98
863,cirno4143
864,citrusj
865,cityboy
866,cjc1288
867,cjcjon
868,cjdrn0208
869,cjf1685
870,cjfrn0443
871,cjh1482
872,cjhgg2
873,cjhlsb
874,cjs
875,cjstjdgur123
876,cjswo4034
877,cjswodmlskfk
878,cjw07
879,cjw7242
880,cjy0019
881,cjy11230
882,ckck5050
883,ckd227
884,ckd448
885,ckddlf
886,ckdduf138
887,ckdfh0917
888,ckdghks3058
889,ckdgns0130
890,ckdrb7067
891,ckdtjq1121
892,ckdtjs505
893,ckdtjssml
894,ckdwh421
895,ckeh0827
896,ckehdduq95
897,ckhe1215
898,ckjin95
899,ckqkaxhf98
900,cksalstl
901,cksdnwh
902,cksgodl
903,cksgud410
904,cksgur1765
905,ckw1140
906,ckwjdans
907,ckwlsgh77
908,cl0928
909,cladren123
910,claire9162
911,clanplanet
912,clapmean
913,clark
914,claudiajkang
915,clcell3
916,cldhfleks2
917,cldud400
918,clgh0331
919,clichy
920,clim03087
921,clleo97
922,clock
923,cloud_container
924,cls327
925,clscls253
926,clsrnthd1
927,clumpy
928,clw8679
929,cmc9595
930,cmchoi9901
931,cmd1222
932,cmg1411
933,cms2082
934,cms2207
935,cms5380
936,cms7371
937,cms9586
938,cmzn97
939,cnb0820
940,cnc1970kr
941,cndgud9056
942,cndqjacndqja
943,cnhs2205
944,cnocycle
945,cnux9
946,co115
947,coacervate
948,coalsrbs
949,cocjr0208
950,cocoball_v
951,coconot01
952,coconut99
953,cocoroco
954,cocuma
955,cod3holic
956,codebackup
957,codeguru22
958,codehh
959,codenstory
960,coder3
961,coder38611
962,codestudy4022
963,code_thanos
964,codikh
965,coding030
966,coding2018
967,codingblock473
968,codingbug
969,codingforfun
970,codingperson
971,coding_jihoon
972,coding_jokbop
973,coding_mimi
974,codren
975,cofls980
976,cokegk
977,cokkum113
978,cokxz
979,col0504
980,colamango
981,cold929
982,coldradio
983,college2007
984,colonist4
985,colorxxx
986,colory
987,colrong
988,coltonoppa
989,coma
990,comj
991,comkiwer
992,comojin1994
993,comolove
994,compa513
995,computer98400
996,com_hello
997,conanlhj
998,conatus_recedendi
999,conjurer000
1000,conkjh032
1001,contail
1002,contestpark
1003,controlcaret
1004,cookie1185
1005,cookie758
1006,cookie8744
1007,coolbeau
1008,cooltime15
1009,coooder
1010,copier2008
1011,corhydrae
1012,corncheese
1013,cornking123
1014,corntea
1015,corock
1016,corona
1017,coronal95
1018,cos18
1019,cos8475
1020,cosics
1021,cosmos3021
1022,cosmos_1885
1023,cottage123
1024,cow1262
1025,cowja
1026,cozups
1027,cpljha
1028,cpp0094
1029,cpp05013
1030,cptech
1031,cqb3737
1032,cr3218
1033,cr3306
1034,craalsgh97
1035,crack
1036,cracker06
1037,create67
1038,creatorpunch
1039,crisp200
1040,crorowslowpp
1041,crud004
1042,cryinginitial
1043,cs09g
1044,csb0612
1045,csb9427
1046,cscandkswon
1047,csh0716
1048,csh3695
1049,cshhhh16
1050,csi013
1051,csm06063
1052,csnl
1053,cspark2314
1054,cstria0106
1055,csup96
1056,csw950928
1057,csy0427
1058,csy310
1059,csy9505
1060,ct8322
1061,ctfak
1062,ctk0327
1063,ctwc55
1064,cubist
1065,cuizzang
1066,cujt10
1067,cuk123
1068,cupjoo
1069,curihus
1070,cushionbadak
1071,custard
1072,cutecjh33
1073,cuza22
1074,cuzl15
1075,cwd1
1076,cweeds2483
1077,cwh9363
1078,cws8955
1079,cws991104
1080,cwyoo01
1081,cx8achim
1082,cxz5309
1083,cy0402
1084,cyan4s
1085,cyberpunk
1086,cycho21
1087,cydphj
1088,cyh0967
1089,cyh1219
1090,cyi1207
1091,cyj101366
1092,cyk1105
1093,cynicaldummy
1094,cyp0922
1095,cywibo
1096,czcz9207
1097,d00h22
1098,d05004
1099,d1354104
1100,d3vkhkim
1101,da0769
1102,da1907
1103,dadd55
1104,dae0102528
1105,daehyun1023
1106,daeuni96
1107,daeye
1108,dahontop
1109,dahyun1226
1110,daily1313
1111,daily142857
1112,dajasin245
1113,dakara2006
1114,daki404
1115,dalae37
1116,dalpaeng2
1117,damek113
1118,damin8
1119,damyoung1225
1120,dana0301
1121,dangdangbase
1122,danhandev
1123,daniel0801
1124,daniel930807
1125,danieljskang1011
1126,danielkang1003
1127,daniellee
1128,daniellee421
1129,danny253
1130,danny6883
1131,dannydino
1132,dannykim
1133,dansin0131
1134,dapin1490
1135,dark6ro
1136,darkeroe
1137,darkhad
1138,darkpppet
1139,darrenc
1140,das135
1141,dasg34
1142,dat_sci_seol
1143,dau9999
1144,dave1011
1145,davedave
1146,david0506
1147,davincicoding
1148,dawit
1149,dawn00
1150,dawnstar1007
1151,dawwon
1152,dayeon1839
1153,dayun1010
1154,dbals4818
1155,dbals7787
1156,dbdbdb156
1157,dbdnsdb123
1158,dbfpzk142
1159,dbgks6552
1160,dbgusdn012
1161,dbm01049
1162,dbrest
1163,dbrkgml97
1164,dbsalvl123
1165,dbscjfgh10
1166,dbsdudfh01
1167,dbsdy123
1168,dbsgh4570
1169,dbsrlwo1
1170,dbsrud11
1171,dbstmddbs4
1172,dbtkd1801
1173,dbtkdwls2291
1174,dbtlswkdrnss
1175,dbtmdrhs4
1176,dbtmelsh
1177,dbwls6056
1178,dbxor8960
1179,dcherish
1180,dcrgkev
1181,dcryu7287
1182,dcy93
1183,ddagersang
1184,ddangu525
1185,dda_re
1186,ddd4117
1187,dddd04032
1188,ddddd
1189,dddfff22
1190,dddolmaeng
1191,ddiamond97
1192,ddingmin
1193,ddogurgi
1194,ddol9
1195,ddong1851
1196,ddongh1122
1197,ddrrpg
1198,ddu0422
1199,ddyh2901
1200,de0309
1201,dearshawn
1202,debbiedeb
1203,deceglie22
1204,deceit_yu
1205,deejay0825
1206,deer8203
1207,deforeturn
1208,deimos12
1209,dejoker
1210,deleted
1211,DeliciousOreo
1212,deneb2016
1213,denisjoo93
1214,dennisstar
1215,deok2kim
1216,derpwaffle21
1217,derp_p
1218,des0001
1219,desk53
1220,destin
1221,deu03093
1222,devacver
1223,developer20
1224,developersung13
1225,developer_p
1226,devheyrin
1227,devkimsangho
1228,devonnuri
1229,devouring123
1230,devruby
1231,devsdk
1232,devstita
1233,devwin
1234,dev_codingnam
1235,dev_sensational
1236,dew3335
1237,dewgang
1238,dexaboud3
1239,dexterastin
1240,df60b64ee5b
1241,dfghcvb11
1242,dfjung4254
1243,dfwdf77
1244,dg6001
1245,dgdo0509
1246,dgmon79
1247,dgneel
1248,dgymjol
1249,dh047
1250,dh114
1251,dh5473
1252,dhalsdl12
1253,dhalsdyd2
1254,dhcshc
1255,dhdh6190
1256,dhe032
1257,dheldh66
1258,dhfbsk1
1259,dhfkzmf
1260,dhflswk
1261,dhkdgus27
1262,dhkimxx
1263,dhlee318
1264,dhmin5693
1265,dhodhody
1266,dhrdlxl
1267,dhrhd080
1268,dhrmsry7
1269,dhrudgns529
1270,dhsrhkdgus
1271,dhsys112
1272,dhtjddls
1273,dhtjstlr777
1274,dhtmdals130
1275,dhtocks
1276,dhwan89
1277,dhwhc0711
1278,dhwjddn88
1279,dhwjdrb1234
1280,dhy03196
1281,dhzm2aud
1282,dia1012
1283,dia312
1284,diamondcubic
1285,diddidtjstjs
1286,diddnjs02
1287,didgogns
1288,didi0410
1289,didtjdgns852
1290,didtmdgus100
1291,didwngus01
1292,didwns7347
1293,didwoah
1294,diluny
1295,dimehgns
1296,dimes12
1297,dimss
1298,din2
1299,dinist
1300,dinojaemin
1301,diobi
1302,dioon0000
1303,diophan
1304,dioxer7785
1305,dipokal
1306,dipper1002
1307,dirlawhddbs
1308,disgany
1309,ditn258gh
1310,dividend
1311,dj9136
1312,djarkdgml
1313,djdoc311
1314,djgjdgjd
1315,djj
1316,djk0625
1317,djkim
1318,djsgh94
1319,djstjr14
1320,djw0409
1321,djwls_0716
1322,djyou128
1323,dj_seo
1324,dk10523
1325,dk41245
1326,dkan9634
1327,dkanxms12
1328,dkdlel921
1329,dkdltmais9
1330,dkekd9
1331,dkenl0110
1332,dkenl135
1333,dklee77
1334,dkpark10
1335,dkqyqyt
1336,dkrmrm878
1337,dkrnflspython
1338,dks301
1339,dkscltks
1340,dksdmssh1212
1341,dkssudckdah
1342,dkssudqkqh
1343,dkssyddico
1344,dktkg9
1345,dky0620
1346,dkyou7
1347,dla280
1348,dladudtj15
1349,dlalscks95
1350,dlansghks
1351,dlaskrgus8
1352,dlathfqls
1353,dlatns0201
1354,dlatqdlatq
1355,dlaudwls1203
1356,dlckdalsrhtn
1357,dlckdduq
1358,dlckddus2499
1359,dlckdgk
1360,dlckdgk4858
1361,dlcksdnd321
1362,dlckswn334
1363,dlcodms123
1364,dlcofud
1365,dlcoguswkd
1366,dldbsgur1
1367,dldhk97
1368,dldlanandlan
1369,dldldl62
1370,dldlwotj
1371,dldngud97
1372,dldnjsrl
1373,dldnjswls5852
1374,dldprtmdhel
1375,dldustn48
1376,dldyddlwl
1377,dldydgns53
1378,dlehdwns1992
1379,dlekgns6743
1380,dleofh01
1381,dleotjd510
1382,dlfrnjs3456
1383,dlghks44
1384,dlgksrlf
1385,dlgmlals3
1386,dlgockd54
1387,dlgpqls9896
1388,dlgprbs9441
1389,dlgudwns159
1390,dlgustmd3590
1391,dlguswjd0258
1392,dlguswo333
1393,dlok125
1394,dlrghks2090
1395,dlrgus041
1396,dlrmfh789
1397,dlrnjsgma
1398,dlsfuf227
1399,dlsgur9710
1400,dlsqhd97
1401,dlssrb7777
1402,dlstj2634
1403,dlswp113
1404,dltahazh
1405,dltkddbs9729
1406,dltkddns11
1407,dltmd1507
1408,dltmdals
1409,dltmdals0608
1410,dltmdcks
1411,dltmdcks702
1412,dltmxor31
1413,dltnrud987
1414,dlwhdgh98
1415,dlwjddms1231
1416,dlwlgus9805
1417,dlwlsdn3642
1418,dlwndms0812
1419,dlwocks1209
1420,dlwodus19
1421,dlwoqhr932
1422,dlzlqlzl
1423,dmbs335
1424,dmdghto
1425,dmfnskdl
1426,dmrkp77
1427,dmsco0805
1428,dmsgk777
1429,dmstjr0207
1430,dmsvk5661
1431,dmswlqkr00
1432,dmsxo
1433,dn0530
1434,dnatuna
1435,dnckd4755
1436,dndvud123
1437,dnjf55
1438,dnjs5397
1439,dnjsdud2257
1440,dnjsdud620
1441,dnjsdud8185
1442,dnjstjr245
1443,dnjstkd31
1444,dnjun2
1445,dnl7qjs
1446,dnldnwls1123
1447,dnlsehdn9779
1448,dnnls1
1449,dnrghks5583
1450,dnrudzx
1451,dnsldnsl07
1452,dnstkd110
1453,dntjr4772
1454,dntkddn889
1455,dnwls514
1456,do168
1457,dobak90
1458,dobidugi
1459,dodo4se
1460,dogeee
1461,doggai77
1462,dogo
1463,dogodie
1464,dohi
1465,dohlee
1466,dohun31
1467,doit99
1468,dojun2006
1469,doksakim77
1470,dolgodolah
1471,dolgore2000
1472,dolkuji1
1473,dolly0920
1474,dolmul5000
1475,dolpang2
1476,dolphin
1477,domece
1478,domini95
1479,domw324
1480,dong6788
1481,dong7061
1482,dong9706
1483,dong97140
1484,dongdhy
1485,dongdong5
1486,dongggle
1487,donggunkwak
1488,dongh9508
1489,donghp
1490,donghwa722
1491,donghyeun21
1492,donghyun1109
1493,dongin
1494,dongjoocha
1495,dongjoon0124
1496,dongu
1497,donguk3105
1498,dongwon0427
1499,dongwoo_kim
1500,dongyun98
1501,dong_s
1502,donna1030
1503,doo620
1504,doodllll
1505,doohui96
1506,doojin2074
1507,doongsae
1508,doorrock
1509,doppio1101
1510,doqtqu
1511,dora111
1512,dorzq
1513,dosawas
1514,dotoeoo
1515,doublejy715
1516,doubleslit1801
1517,doug5809
1518,doyeon311
1519,doyongnam
1520,doyuneee
1521,dpc0516
1522,dpcalfola
1523,dpfkdvkr
1524,dprjsgml
1525,dptmf9556
1526,dpwls7506
1527,dpwns0827
1528,dr8766
1529,drag0npie
1530,dragon4130
1531,dragon4499
1532,dragonash
1533,dragonbead95
1534,dragonsoup
1535,drash99
1536,dreami63
1537,dreamian
1538,dreamw
1539,drestar2
1540,drlee7
1541,drmaemi
1542,drnase109
1543,drskur
1544,ds5hmi
1545,dsfm26
1546,dsj
1547,dskim9882
1548,dsku
1549,dswjddls
1550,dt10002
1551,dtown21660
1552,duck155
1553,duckddud213
1554,dud4817
1555,dudals2467
1556,dudejr5839
1557,dudgh623
1558,dudgh9661
1559,dudgns1239
1560,dudgns2043
1561,dudqja8847
1562,dudwn3036
1563,duho1004
1564,dukalee
1565,dukisland
1566,duliuli
1567,dummymon
1568,dunebi
1569,duql2072
1570,duqrldudgns
1571,duruu841
1572,dusrbpoiiij
1573,dustkd1004
1574,dustn9401
1575,dustnehowl
1576,dusto
1577,dwdyj0514
1578,dwgdwg
1579,dwkang707
1580,dwlee717
1581,dwpark94
1582,dy1351
1583,dyddn0823
1584,dydekdnlt
1585,dydrhks7
1586,dydsj0920
1587,dydtnalswl
1588,dydwkd486
1589,dydwls9660
1590,dydydlsla
1591,dydzlwwkd
1592,dyflajrwk
1593,dygks232
1594,dyhwang95
1595,dyi919
1596,dyjoo123
1597,dyk777
1598,dykim0224
1599,dykim2000
1600,dyl9912
1601,dylee90
1602,dynzqli371
1603,dyori723
1604,dyp0731
1605,dys02007
1606,dz1120
1607,dzv
1608,e9001014
1609,earlykim
1610,earthicko
1611,easrui
1612,eastgloss0330
1613,eastheat10
1614,eastop716
1615,eatyasic
1616,ebbunnim
1617,eclair
1618,edcs0
1619,edge1994
1620,edh1021
1621,edward0im
1622,edwardblue
1623,edwardycl
1624,edwin
1625,eeapbh
1626,eedaegil
1627,eeeuns
1628,eekdrnf9904
1629,eel0511
1630,eespacio
1631,effervescent
1632,egg528
1633,egpaltair
1634,egus05
1635,ehay
1636,ehdals5460
1637,ehdcks3421
1638,ehddn5252
1639,ehddnr1022
1640,ehddud100698
1641,ehdgkaos95
1642,ehdgkr03
1643,ehdgns1027
1644,ehdgus619
1645,ehdgus6931
1646,ehdgus9594
1647,ehdrb345
1648,ehdrhelr
1649,ehdrms121
1650,ehdtjskaqhd
1651,eheh1313
1652,ehensnfl
1653,ehgns9809
1654,ehgus607
1655,ehj0128
1656,ehoi710
1657,ehsson
1658,ehwnsdud1004
1659,ei4567
1660,ejh9853
1661,ejrgudyou
1662,ejrtks1020
1663,ejrwnd1103
1664,ejtmzm98
1665,ekdan1726
1666,ekdothds318
1667,ekdub92
1668,ekdus2574
1669,ekee90
1670,ekfsla0113
1671,ekgml3765
1672,ekgus9701
1673,ekqls4328
1674,ekyoo
1675,ekzmzm79
1676,elanvpdls
1677,elephant119
1678,elgcha
1679,elic121
1680,elin99
1681,elleinuo0
1682,elquinex
1683,elvpfhhrm
1684,elwerks0364
1685,elzendich
1686,emevoluoyod
1687,emffkd
1688,emfkq14
1689,emily2307
1690,emperor
1691,empodi
1692,emrdbs123
1693,ems789
1694,emsud
1695,enffl9568
1696,enflwodn
1697,engus0927
1698,enil
1699,enmyuel
1700,enpko52
1701,enter031
1702,enteryjh
1703,entropy
1704,enzoon
1705,enzoribery
1706,eoanswkgksk
1707,eoaud0108
1708,eocks3000
1709,eodnjs0903
1710,eoeh1120
1711,eogh1209
1712,eogh6428
1713,eogus6813
1714,eom5005
1715,eoqja0315
1716,eory12
1717,eos0103
1718,eotlr0806
1719,epikem
1720,epstkd1220
1721,er65119
1722,eremo2002
1723,eric010506
1724,eric2057
1725,eric4266
1726,eric9709
1727,es1533
1728,esca9631
1729,eseiker
1730,esha
1731,esl112999
1732,esm0523
1733,esrenll
1734,essang1004
1735,essechange
1736,esteban0829
1737,ethanwestdoor
1738,etut12
1739,euhmai
1740,eun2572
1741,eunbin851
1742,eunchan0492
1743,eunchan9029
1744,eungu0920
1745,eunhasoo
1746,eunhayeo03
1747,eunho7077
1748,eunji9196
1749,eunkyo789
1750,eunoia_hr
1751,eunsung_dev
1752,euroversedev
1753,evade
1754,eve8108
1755,ever4blue
1756,evergreen786
1757,evvgreen
1758,exceljh0318
1759,exon
1760,experien
1761,expyh
1762,eyeballs
1763,ezelay
1764,f02
1765,f887kr
1766,fabi88
1767,fabichoi
1768,fafer08
1769,fail456
1770,faint
1771,fairy037
1772,fakingate
1773,fanatel
1774,fanfolderkim
1775,fangdol888
1776,fantacy
1777,fantasy7772
1778,faper
1779,fastz
1780,favorcat
1781,fbghgus123
1782,fbtjrrb
1783,fbwjdwn789
1784,fdc114
1785,fdhyunseo
1786,fds252
1787,fdsa200
1788,fearful
1789,fecastudios
1790,fefe
1791,feg0823
1792,fegler
1793,fekansose
1794,felipuss
1795,fender
1796,fenrir1795
1797,fercury
1798,ferrari0817
1799,ffcoding
1800,ffokk2222
1801,fhskf94kr
1802,fiasboc23
1803,fin
1804,finemini
1805,finsh10
1806,firoms
1807,first6500
1808,firstwns00
1809,fisache
1810,fivecarsword
1811,fixi2
1812,fizz10wkddls
1813,fkam12
1814,fkffkffk0
1815,fkrdnjs23
1816,flappybird
1817,flash1117
1818,fldjzksms
1819,fler9617
1820,flflower
1821,flip1945
1822,floreo1242
1823,flowersayo0811
1824,flrmdhqmwnsgk0062
1825,fluorine
1826,flyhigh981
1827,flying
1828,flytmdgh
1829,flzl2008
1830,focus023
1831,forest0920
1832,forest14
1833,foreveryoung819
1834,fortuna
1835,fpnuseis
1836,fpqpf02
1837,francais
1838,franj
1839,freemjstudio
1840,free_minkya
1841,frethdilem
1842,friend1226
1843,frog123
1844,frogyou2330
1845,frogyunmax
1846,frontdev
1847,fru1t
1848,fryderyk
1849,fsag85
1850,ftkbrian
1851,ftkem2003
1852,fud0427
1853,fulsent20
1854,fungod12
1855,funny0728
1856,g00dluckroon
1857,gabea2000
1858,galaxypse
1859,game9777
1860,ganagana
1861,gang7994
1862,ganghee
1863,gangminson
1864,gangsungho
1865,gangukss
1866,ganzang_dady
1867,ganzena
1868,garamda
1869,gasfard34
1870,gashe7
1871,gasoul
1872,gbba1029
1873,gbs102505
1874,gcg5
1875,gch04602
1876,gch98216
1877,gcmango
1878,gcnml10
1879,gcon16
1880,gdk
1881,gdsfav
1882,gee03143
1883,geegee
1884,geeneve
1885,geniemo
1886,genius
1887,geniuscoder
1888,geon0407
1889,geon6757
1890,geonc123
1891,geonho99
1892,geonkang99
1893,geonryul0131
1894,germonado
1895,getsolaris
1896,gettls
1897,geun9384
1898,ggg06224
1899,ggj0418
1900,ggmnypsk
1901,ggodzxc123
1902,ggogumalove
1903,ggoh
1904,ggoom94
1905,ggramgyo
1906,gg_k
1907,gh08077
1908,gh2110
1909,gh2630
1910,gh4571
1911,ghbae1798
1912,ghdals6864
1913,ghddbqls
1914,ghdrjstn
1915,ghdthd123
1916,ghdtjdvy7205
1917,ghdus6520
1918,ghdwns315
1919,ghf1230
1920,ghghgh425
1921,ghkd3778
1922,ghkdu2
1923,ghks2047
1924,ghks285
1925,ghksgml0555
1926,ghksrl6582
1927,ghlwkd96
1928,ghtjd626
1929,ghtjr5000
1930,ghtn5706
1931,ghwar123
1932,ghwjdgks
1933,ghzldud
1934,gi9410
1935,giantdaegari
1936,giga1615
1937,gilsu91
1938,gina
1939,ginami0129b
1940,gioan92
1941,gip
1942,girr311
1943,gitseong
1944,give654
1945,givingj9902
1946,giwankim
1947,giyoon27
1948,gj3034
1949,gjals
1950,gjdpdms2005
1951,gjhs3
1952,gjrehf
1953,gjssm_kim
1954,gjwldud0719
1955,gjwlsthf1020
1956,gjwnsgod123
1957,gjwnsgus65
1958,gjxodud1
1959,gkagm2
1960,gkdl996
1961,gkdlgkdl23
1962,gkfla1017
1963,gkfn3324
1964,gkgk246
1965,gkgkehdrms
1966,gkm9625
1967,gks10101
1968,gksckdfhr99
1969,gksgud3720
1970,gksgustmd
1971,gksrbtjd5001
1972,gksrnfl2
1973,gksruf1182
1974,gksthdgns3
1975,gkswjdzz
1976,gktmck2166
1977,gkttjs23
1978,gkwjddlzz
1979,gkwlgns0331
1980,glaehfdl1654
1981,glaxyt
1982,glgl2131
1983,gliubblue
1984,gloryday
1985,gm27376
1986,gmasi112
1987,gmelan
1988,gmini0320
1989,gmkseta
1990,gmlcks0513
1991,gmldi135
1992,gmlqls111
1993,gmlwlslgml
1994,gmlwlswldbs
1995,gmlwndla97
1996,gndan4
1997,gndksakxk10
1998,gnlwhd6498
1999,gnsgml1229
2000,gnsta
2001,gnstmahs
2002,gnues
2003,go1504
2004,go95305
2005,goakgoak95
2006,gobuig00
2007,god0816
2008,god1857
2009,god7307
2010,goddl717
2011,godgod732
2012,godhpjh123
2013,godkad
2014,godnes628
2015,godong10208
2016,godowe
2017,godrjsmgl
2018,god_god
2019,gofmsldks
2020,gogh_phy
2021,gogod23
2022,gogosky1175
2023,gogosmon
2024,gok5959
2025,golala123
2026,goldmund
2027,gom20
2028,gom626
2029,gomamon
2030,gomcool17
2031,gomjellie
2032,gon109
2033,gong29
2034,gongbea
2035,gongik99
2036,gongwho
2037,good10040624
2038,good3234
2039,good5229
2040,goodcrane3
2041,goodday0831
2042,goodgab
2043,goodguy123
2044,goodksj
2045,goodleeches
2046,goodseog
2047,goodzlmn
2048,goofy1
2049,googila
2050,gooilgoo
2051,gopas777
2052,goraegori
2053,gorany3105
2054,gosu4285
2055,gotka0211
2056,govgb
2057,gowns98
2058,gowns9806
2059,goys5228
2060,gozj3319
2061,gpfudgpdus
2062,gpsk1202
2063,gpwl8411
2064,grace9350
2065,grallex00
2066,grantzile
2067,grape
2068,grapecw
2069,grasshoppertrainer
2070,graysea2
2071,grazioso
2072,greatgelly96
2073,greatsatan
2074,greenboy94
2075,greeneye
2076,greenjun1234
2077,greentea31
2078,greimul
2079,greydra_k
2080,grini25
2081,gristar
2082,grw05428
2083,gs18115
2084,gs21093
2085,gshs340507
2086,gsj0617
2087,gsmin2020
2088,gspear
2089,gss4530
2090,gstar1106
2091,gtpk
2092,gtsdy0204
2093,gudals113
2094,gudrb4869
2095,gudrbscse
2096,gudrkrsla
2097,gudwlsck
2098,guillaume007
2099,gun0921
2100,gun4930
2101,gundol97
2102,gungadinn
2103,gungood87
2104,gungun625
2105,gunilyang
2106,guno98
2107,gunpollo1886
2108,gunwooyeon
2109,gurckddl
2110,gurihoon
2111,gurwns9325
2112,gus2dnjf3dlf
2113,gusals005
2114,gusalsdl5119
2115,gusdn0828
2116,gusdn7269
2117,gusdndl00
2118,gusdnr9934
2119,gusdyd1432
2120,gusehdghd
2121,gusehdqkd
2122,gusgh3315
2123,gusghrlrl101
2124,gusrb3164
2125,gusrb406
2126,gusrl123
2127,gussh03
2128,gustir929
2129,gustjr1259
2130,gustn8523
2131,guswl197
2132,guswl5404
2133,guswns1029
2134,guswns137
2135,guswns3371
2136,guswns7452
2137,guswns8431
2138,guuu9
2139,gvf156
2140,gw0215
2141,gwanju
2142,gwolves
2143,gwpaeng
2144,gxc1013
2145,gxyexn
2146,gyd01059
2147,gye0203
2148,gyeolse
2149,gyheo
2150,gyuhwan
2151,gyurim1250
2152,gyuwon05
2153,gywns6287
2154,h0song
2155,h2oche
2156,h481827
2157,habizero
2158,hack2kong
2159,hackerfg
2160,hackey1318
2161,hackyu
2162,haden
2163,hadudwo0409
2164,hae8573
2165,haebun
2166,haechank
2167,haejin1320
2168,haejun0317
2169,haejun0410
2170,haekjoon
2171,haeryung96
2172,haesoo9410
2173,haesung0213
2174,haggie
2175,hahaha329
2176,hahe0521
2177,hahorse
2178,hahywo1214
2179,haileykim
2180,hajaehyuk
2181,hajji
2182,haksunlee39
2183,hamartia
2184,hamcom1212
2185,han03092
2186,han8018
2187,handahye2
2188,handrake
2189,haner1220
2190,hanjiho
2191,hanjihye0714
2192,hanjoi77
2193,hanju1998
2194,hanjunjung
2195,hanklram
2196,hankn01
2197,hanla01
2198,hanmar88
2199,hannnn
2200,hanorang2
2201,hanseungho
2202,hansh0101
2203,hansj05
2204,hansol322
2205,hanson119
2206,hansorly
2207,hansuho36eie
2208,happypotter
2209,happythings
2210,haptic12
2211,hapy1010
2212,haramel49
2213,harang97
2214,harene
2215,hari2080
2216,haro1104
2217,harry2636
2218,harry369
2219,harry8121
2220,haru8986
2221,haruki291sa
2222,hata676
2223,hawk0987
2224,hayj04
2225,hayunyun
2226,haz102
2227,hazard
2228,haze
2229,hazino
2230,hbae24
2231,HBHBHB
2232,hblim1999
2233,hc19991003
2234,hch4102
2235,hchoe166
2236,hcjy97
2237,hdh14234
2238,hdh4952
2239,hdk325
2240,hdohe0113
2241,hds1630
2242,he1233
2243,head022
2244,headfirstland
2245,headmeat
2246,heartiz
2247,hee26368
2248,heeboy007
2249,heecheol1508
2250,heedububu
2251,heeejoo0518
2252,heelim
2253,heemang2001
2254,heeqwas
2255,heeseungcho
2256,heesuk9898
2257,heesung4767
2258,heesung6701
2259,heeyeon22
2260,heeyou55
2261,heghan
2262,hej131
2263,hejh6408
2264,heka1024
2265,hell
2266,hello12
2267,hello708250
2268,hellojdh
2269,helloking1234567890
2270,hellominchan
2271,hellonayeon
2272,helloshh08
2273,hellow6044
2274,hello_world1
2275,henongj
2276,henongod
2277,henrylab
2278,heogj123
2279,heowj03145
2280,hepari2154
2281,hepheir
2282,hepi4uni
2283,herbcat
2284,herbwood27
2285,herring
2286,hertom
2287,heumsi
2288,heungjun92
2289,heus
2290,hexor
2291,Heyhue07
2292,heyksw0208
2293,heyum127
2294,hg5312
2295,hg9587
2296,hgchang1
2297,hgenie0731
2298,hgkinm89
2299,hgs3896
2300,hgsu0806
2301,hgu219402
2302,hh3d
2303,hhhh0118
2304,hhj227
2305,hhj3258
2306,hhkber
2307,hhosu107
2308,hhs666
2309,hht1289
2310,hiaro711
2311,hichoe95
2312,hideoncode
2313,hider
2314,highjun
2315,hiimin
2316,hijihyo
2317,hikieun
2318,hilimky
2319,himuchik
2320,hipiphock
2321,hirussell
2322,his927183855
2323,hitls123
2324,hiwaryi
2325,hizuk
2326,hi_123
2327,hj1115hj
2328,hj53201657
2329,hj650117
2330,hjbae22
2331,hjbyun174
2332,hjcdg1
2333,hjh70902000
2334,hjhwang93
2335,hjinwoo1028
2336,hjjae2
2337,hjm7091
2338,hjm7712
2339,hjn212
2340,hjs0410
2341,hjs12345
2342,hjs7728
2343,hjs7747
2344,hjy5405
2345,hjy7833
2346,hk335078
2347,hk924
2348,hkseo98
2349,hl0412
2350,hlee118
2351,hlee15
2352,hlife0
2353,hllee1021
2354,hllove333
2355,hm104284
2356,hm8264
2357,hn03062
2358,hnaras
2359,hnduddn
2360,hnes6522
2361,ho2061401
2362,hockey89
2363,hodong42
2364,hodurie
2365,hoeunw
2366,hoheho18
2367,hohner64
2368,hohomua
2369,hoi
2370,hojin1357
2371,hojinland
2372,hojoon0205
2373,holo
2374,holyo
2375,holywater2
2376,homeomor997
2377,homill
2378,homubee
2379,honeybear
2380,honeysleep
2381,hong7498kim
2382,hongjk7777
2383,hongjoon0805
2384,hongjun7
2385,hongjw1991
2386,hongston2
2387,hongween
2388,honi
2389,honor
2390,hookak
2391,hoon00917
2392,hoonbae
2393,hoonchany99
2394,hoondl
2395,hooni0517
2396,hoonie0911
2397,hoonww
2398,hoony813
2399,hoonzi
2400,hooongover
2401,hoosiki
2402,hooya
2403,hooyn_industry
2404,hope9405
2405,hoppee
2406,hops
2407,Horaegi
2408,horong54
2409,horrorkist
2410,hosinoyusi
2411,hosun1804
2412,hotchya
2413,hotgirl07
2414,hotgkswjddn
2415,hotspring
2416,hottinggot
2417,howling6
2418,hoya54
2419,hoyeong3273
2420,hp5313
2421,hpdong413
2422,hrocky125
2423,hs1001
2424,hs6113wj
2425,hse322
2426,hseoks
2427,hsh0322
2428,hsh5206
2429,hsh8538
2430,hsh922
2431,hsik0225
2432,hsinh
2433,hsj0709
2434,hsj3205
2435,hsj5009
2436,hsjjace
2437,hsk10271
2438,hsk1321
2439,hsk6202
2440,hsna7024
2441,hsnks100
2442,hssk1528
2443,hsw3014
2444,hsy0324
2445,htjwns
2446,htwenty1
2447,hu3123ss
2448,hub0720
2449,hueguem
2450,hugun1234
2451,huisam
2452,humormagnate
2453,hun0108
2454,hun01222
2455,hun1016
2456,hun1138
2457,hun2two
2458,hun3595
2459,hun5078
2460,hun6211
2461,hun90531
2462,hunnitjoon
2463,hunojung
2464,hunu_cho
2465,huozuyinshua
2466,hurjeesic
2467,hurre
2468,hvjjg5687
2469,hw0916
2470,hw4n
2471,hwa3060
2472,hwahyeon
2473,hwajun10
2474,hwangjemin
2475,hwangtmdals
2476,hwankim123
2477,hwanseok_dev
2478,hwaseen
2479,hwcho12357
2480,hwkim301
2481,hwooc03
2482,hwoongkang
2483,hws2006
2484,hy01n
2485,hy6219
2486,hydthemoon
2487,hye19s
2488,hye1nu13
2489,hyein_kim
2490,hyelie
2491,hyeng1028
2492,hyeok9sae
2493,hyeom1027
2494,hyeon618
2495,hyeondg
2496,hyeonho28
2497,hyeonic
2498,hyeonsu1013
2499,hyeonsuns
2500,hyeonwoo7269
2501,hyerin0611
2502,hyewon981019
2503,hyeyoung0112
2504,hyh_1016
2505,hyj2508
2506,hyj5419
2507,hyjung888
2508,hynmin1
2509,hyo02104
2510,hyojeong94
2511,hyojhand
2512,hyojin0628
2513,hyojung120
2514,hyom
2515,hyonchan
2516,hyongwu
2517,hyorim96
2518,hyormhyorm
2519,hyowonkim1116
2520,hyperbolic
2521,hypercoding
2522,hyperflow
2523,hysm94
2524,hysung2588
2525,hyu
2526,hyun0830
2527,hyun1014
2528,hyun4you2006
2529,hyuna5442
2530,hyung9571
2531,hyungang7
2532,hyungkk
2533,hyunjoo201
2534,hyunminkim
2535,hyunmokang
2536,hyunseungbb
2537,hyunsu11
2538,hyunwoo045
2539,hyunya
2540,hyun_am
2541,hywook4
2542,h_a_c_k_e_r
2543,i0594436
2544,i3pivigui
2545,i50468218554
2546,ia0102
2547,iacid123
2548,iam
2549,iamgamja
2550,iamjm29
2551,iamkangjh
2552,iamthejiheee
2553,iamyonghwan
2554,iautm91
2555,ibm2006
2556,ibs06
2557,icd0422
2558,icecreamparlor
2559,icefalls
2560,ichess1213
2561,icomm1
2562,icwgi
2563,icwgi897
2564,id9678
2565,idarnoldkim
2566,idd7403
2567,iddsi
2568,identity34
2569,ideo
2570,idisuu
2571,idwooin
2572,iessej921
2573,iginganza
2574,igusami
2575,iguv
2576,ihan128
2577,ihatbuet
2578,IHHI
2579,ihp001
2580,ii200400
2581,iiiiii
2582,iizuna
2583,ijh9404
2584,ikaurd
2585,ikbs106
2586,ikdk5596
2587,iks15174
2588,il9252
2589,ilemik
2590,ilgolf
2591,ili0820
2592,ilisha
2593,ilksh
2594,illiboy1212
2595,ilove209b
2596,ilovechicken
2597,iloveelsa
2598,ilsa
2599,im4u_son
2600,imagine9
2601,imbq8603
2602,imhgchoi
2603,imi21123
2604,iminsungi
2605,immenigej
2606,imn00133
2607,imscs21
2608,imssm99
2609,imtore
2610,imygnam
2611,include42
2612,ine
2613,inerplat
2614,ing0324
2615,ingddonyo12
2616,ing_007
2617,inhadong
2618,inhibitor
2619,inhoo
2620,inhyuck
2621,iniestar_97
2622,injae9911
2623,injeonging
2624,innocentsnow
2625,inseul
2626,inspire12
2627,insut
2628,integral_99
2629,interviewsangwoo
2630,invanda
2631,invincible
2632,inwoo920
2633,iny27
2634,iod1124
2635,iopell2007
2636,iopop
2637,iori03
2638,iougou03
2639,ip0147
2640,ip1235
2641,iqeq126
2642,irnd04
2643,irsam78
2644,isangyoon
2645,isco
2646,ish330
2647,isis1226
2648,island08
2649,ispark
2650,isthisirooooooooony
2651,it19
2652,itae
2653,iteyh812
2654,itlockit
2655,iver0945
2656,ivorymood
2657,iw76choi
2658,iwillalways
2659,iwillbecomeprogramer
2660,ix7584
2661,iyj6707
2662,iyu88
2663,i_am_commang
2664,j01012351
2665,j0308j
2666,j0324
2667,j07801
2668,j2013yk
2669,j2onpro
2670,j2_3
2671,j5950
2672,j828h
2673,j961224
2674,jack0928
2675,jack100
2676,jack3319
2677,jack603
2678,jackae98
2679,jacksn91
2680,jackson5
2681,jacksung
2682,jacky0805
2683,jacod2
2684,jaduwvad2
2685,jae961217
2686,jaebok123
2687,jaee07
2688,jaegu88
2689,jaehaaheaj
2690,jaeheonb69
2691,jaehoon21
2692,jaehyung
2693,jaemin031
2694,jaemin8852
2695,jaeminkim408
2696,jaeokbr
2697,jaeryo
2698,jaeseb96
2699,jaeserrr
2700,jaesin22
2701,jaewan9074
2702,jaewoongs
2703,jaeyeony
2704,jae_woong99
2705,jaimemin2
2706,jakads
2707,jake0403
2708,jake0713
2709,jake1121
2710,jakehsj
2711,jalhaja
2712,jamangstangs
2713,james0223
2714,jamescsi
2715,jamesheeho
2716,jamesujeon
2717,jameswebb
2718,james_kylee
2719,jamg123123
2720,jamjoa
2721,janetyoon
2722,jang6733
2723,jangdj00123
2724,jangsh0603
2725,january
2726,januaryone
2727,jarycoco
2728,jasaeong93
2729,jasminema
2730,jason4284
2731,jason9605
2732,jasonkoo
2733,java547
2734,javaallin1
2735,javakong
2736,javawon
2737,jayb100
2738,jaydenha0919
2739,jayg
2740,jayjangjooho
2741,jaykwon
2742,jays
2743,jayy_z
2744,jay_park
2745,jb9896
2746,jbclove12
2747,jbh1657
2748,jbl9595
2749,jbo6659
2750,jbright0520
2751,jbs1119
2752,jbsam2
2753,jb_cubedr
2754,jcgod413
2755,jckim0307
2756,jcm2232
2757,jcreate98
2758,jcw7468
2759,jcy3575
2760,jcy9503
2761,jdahl0711
2762,jdg4661
2763,jdhqpt
2764,jdm0806
2765,jdm115
2766,jdown
2767,jdrjk0000
2768,jds292
2769,jdubird2
2770,jduck1024
2771,jdyun15
2772,je4297
2773,je8201128
2774,jea0716
2775,jeangho900
2776,jeanmarc
2777,jedy
2778,jeean0668
2779,jeen0112
2780,jeesh1203
2781,jeffoio
2782,jeffyoun
2783,jeheon12
2784,jeinu95
2785,jej5696
2786,jekwan
2787,jellybot
2788,jellyfish369
2789,jellypudding86
2790,jemin9312
2791,jennifer0606
2792,jennyk97
2793,jeoffrey0522
2794,jeomn9
2795,jeon
2796,jeon9825
2797,jeonage0430
2798,jeong000307
2799,jeong011010
2800,jeong1243
2801,jeong20909
2802,jeong5728
2803,jeongdh1991
2804,jeongho20
2805,jeonghyun
2806,jeongil7963
2807,jeongjin717
2808,jeongjw
2809,jeongmoo
2810,jeongtai
2811,jeongth9446
2812,jeongyeon95
2813,jeongyk92
2814,jeongyong95
2815,jeongyun1206
2816,jeongyw12382
2817,jeonjine
2818,jeonsung02
2819,jerrome2685
2820,jerry020822
2821,jessi0701
2822,jessica9685
2823,jeus0609
2824,jeuxdeau
2825,jf297
2826,jgiraffe
2827,jgjg7882
2828,jgk07014
2829,jgm0327
2830,jgroutine
2831,jgw1413
2832,jgy980702
2833,jgyuity1289
2834,jh01love
2835,jh5253
2836,jh9501
2837,jhbaik1501
2838,jhcse5189
2839,jhd0238
2840,jheun66
2841,jhg2957
2842,jhg3410
2843,jhg62002
2844,jhgim1117
2845,jhh0712
2846,jhhan00
2847,jhhan11
2848,jhhope1
2849,jhj5897
2850,jhj980821
2851,jhjeong0702
2852,jhjjj1224
2853,jhkk
2854,jhko00
2855,jhlim
2856,jhn5052
2857,jhnoh2000
2858,jho378
2859,jhp2060
2860,jhp7013
2861,jhsw0375
2862,jhvl4130
2863,jhw919
2864,jhwan818
2865,jhwon07
2866,jhy213
2867,jhyub
2868,ji584738
2869,jieun21124
2870,jig6795
2871,jiggy0429
2872,jih3508
2873,jih7368
2874,jihee0602
2875,jiheon
2876,jihookang
2877,jihoon708
2878,jihun333
2879,jihun77
2880,jihun9838
2881,jihun_jeong219
2882,jihye7530
2883,jihyuk124
2884,jikenkruz92
2885,jikmomo
2886,jimbo95
2887,jimdac
2888,jimini23
2889,jiminp
2890,jimmy0308
2891,jin03083
2892,jin1303
2893,jin225675
2894,jin7011
2895,jina0904
2896,jina1206
2897,jinaahn0210
2898,jinbkim
2899,jinboy73
2900,jingba
2901,jinho0217
2902,jinho7324
2903,jinho9610
2904,jinia91
2905,jinibonoo
2906,jinlongbin
2907,jinmokim
2908,jinny
2909,jinny309
2910,jinnyforstudy
2911,jinojoa317
2912,jinsm805
2913,jinsoolve
2914,jinsu0408
2915,jinsu0709
2916,jinsub8682
2917,jintak0401
2918,jintek8782
2919,jinuchang
2920,jinwhan
2921,jinwoo17962
2922,jinyeob
2923,jinyong97
2924,jinyoung3859
2925,jin_yee
2926,jioung93
2927,jisang7747
2928,jisoo0427
2929,jisub3054
2930,jisukim96
2931,jiun3104
2932,jiwon0297
2933,jiwonkim97
2934,jiws829
2935,jiyeongstar
2936,jiyou126
2937,jj1102
2938,jj150618
2939,jja08111
2940,jjabi22
2941,jjae0214
2942,jjaewon9
2943,jjangsw004
2944,jjangsw12
2945,jjangwhtie77
2946,jjayd
2947,jjee1212
2948,jjh63360
2949,jjh6713
2950,jjh6963
2951,jjhhyper
2952,jjhwan6759
2953,jji6665
2954,jjiiyyuu
2955,jjj03231
2956,jjj7061
2957,jjklunicc
2958,jjkmk1013
2959,jjm9501
2960,jjong0025
2961,jjongae17
2962,jjongs
2963,jjsm9595
2964,jjssmm1217
2965,jjulia24
2966,jjun9603
2967,jjuncoder
2968,jjw0218
2969,jjw23456
2970,jjw4145
2971,jj_seong
2972,jkd4242
2973,jkhk7788
2974,jkho1229
2975,jkim
2976,jkl1385
2977,jkl7142
2978,jklijkli
2979,jkseo20
2980,jksohn28
2981,jlee4923
2982,jleejlee5
2983,jlim08
2984,jlj425
2985,jlp
2986,jm0308
2987,jmcabcd
2988,jmin777
2989,jmj0714
2990,jmk0223
2991,jmkabc31
2992,jmkang12
2993,jmkim326
2994,jms0214
2995,jmseb3
2996,jmseo1204
2997,jmtkd0325
2998,jmw0851
2999,jo412
3000,joachy
3001,jobum
3002,jodawoooon
3003,jods9758
3004,joehandlebar
3005,joelang
3006,joey3020
3007,johnny8337
3008,johy
3009,johyesong8686
3010,joi0104
3011,joj123123
3012,jokuna
3013,jokwere
3014,jon1004kkqwe
3015,jon501
3016,jong1994
3017,jongeunshin95
3018,jonghyeok613
3019,jonghyunee
3020,jongjinge
3021,jongseo1023
3022,jongsun1993
3023,jongsyou
3024,jongtae0509
3025,jong_p
3026,jonitox
3027,joo5627
3028,joo9245
3029,jooa7878
3030,joohyun333
3031,joohyuns
3032,jooijin
3033,jooin2000
3034,joon0830
3035,joon0zo1022
3036,joona95
3037,joongh0113
3038,joonhart
3039,joonseok_aaren_kang
3040,joony94
3041,joooo
3042,jormal
3043,josephdev
3044,josualaurant
3045,josuhee
3046,jotos
3047,jox1234
3048,joy684
3049,joyhyun99
3050,joyjoyce96
3051,joyshw
3052,joystic1234
3053,jph04135
3054,jpseo99
3055,jrguyyoo
3056,jrhong95
3057,jry9913
3058,js8662
3059,jsbryan
3060,jsch
3061,jschang0407
3062,jse03310
3063,jsh00325
3064,jsh0116
3065,jsh587
3066,jsh9939
3067,jsing8
3068,jsj3282
3069,jsj3473
3070,jsj7878
3071,jsjsjs1492
3072,jskim0427
3073,jsksj95
3074,jsl1113
3075,jslee7420
3076,jslkap227
3077,jsmin6564
3078,jsoonee
3079,jsp1256
3080,jsp13
3081,jspooing
3082,jss5187
3083,jsstar1207
3084,jsuwan961205
3085,jsw1500
3086,jsw7767
3087,jsy890908
3088,js_328
3089,jth403
3090,jtj323
3091,ju990828
3092,judge0001
3093,judge855
3094,judgement
3095,judygh_hong
3096,judys0303
3097,jueun036
3098,jugiaro5
3099,jugol
3100,jugumu
3101,juhan
3102,juho990
3103,juhong4930
3104,juhy
3105,juhyeong
3106,juhyun167
3107,jujeong0108
3108,jujeongho
3109,jujojujoju
3110,jukdang
3111,julia341
3112,julian9711
3113,julie0964
3114,julie8767
3115,jumin1116
3116,jun021222
3117,jun071994
3118,jun0w7
3119,jun13est
3120,jun5448
3121,jun93920
3122,jun990111
3123,junbyoung96
3124,june040218
3125,june1
3126,june11128
3127,juneh0324
3128,juney
3129,jung789
3130,jung8508
3131,jungboke
3132,jungbug04
3133,junge2u
3134,jungheun9
3135,junghoon401
3136,junghoun94
3137,jungin0507
3138,jungry
3139,jungyu09
3140,junh700
3141,junhaesung
3142,junhee16177
3143,junheui27
3144,junho0956
3145,junho7778
3146,junhwank1204
3147,junhyuk1221
3148,junhyuk843
3149,junior209
3150,junito
3151,junkuill
3152,juno13
3153,junow2
3154,junqwoopark
3155,junslim11
3156,junstone1995
3157,junsuk0522
3158,juntae
3159,junto
3160,junu0124
3161,junujung0709
3162,junushabi123
3163,junu_ddi
3164,juny2
3165,juny914
3166,jurib77
3167,jus1915
3168,justice
3169,justin116
3170,justin941
3171,justinohr
3172,justinwk
3173,just_junyan
3174,juwarny
3175,juyoung
3176,juyunko
3177,ju_h2
3178,jw0111
3179,jw4711
3180,jwakho
3181,jwan0510
3182,jwb7214
3183,jwhero94
3184,jwj1219j
3185,jwjln3126
3186,jwk3113
3187,jwl2327
3188,jwonylee
3189,jws0041
3190,jwseo001
3191,jwug0821
3192,jww0418
3193,jw_ryux
3194,jya6436kk
3195,jyahn0606
3196,jyc228
3197,jychun
3198,jydwww
3199,jyh4479
3200,jyj2788
3201,jyjg7218
3202,jyjy1229
3203,jyk2367
3204,jylee24
3205,jylee7665
3206,jyleedev
3207,jymomjin3
3208,jyon
3209,jys9047
3210,jyuno426
3211,j_0uvert
3212,j_hm26
3213,k010103
3214,k1671k
3215,k2478315
3216,k352ex
3217,k3kys
3218,k6186
3219,k6857172
3220,k98cs057
3221,kabarini
3222,kabosu11941
3223,kacel33
3224,kados22
3225,kagrin97
3226,kahowt
3227,kairos23
3228,kakaiu1
3229,kamg2218
3230,kamtnghcjstk
3231,kan0130
3232,kan5995
3233,kangdahyuan
3234,kangdg2001
3235,kangju2000
3236,kangmin5505
3237,kangmw
3238,kangrnin
3239,kangsoy1
3240,kangsu02
3241,kangsy763
3242,kangtea9
3243,kangwh0617
3244,kangwoosukeq
3245,kani215
3246,kardiray
3247,karina
3248,karl0905
3249,kasiwagi_hikari
3250,kat315
3251,kate49143
3252,kathor888
3253,kati
3254,kauboy
3255,kauphj17
3256,kau_algoitsm
3257,kawser
3258,kay
3259,kay7876
3260,kayahn
3261,kb28
3262,kb6912
3263,kba3017
3264,kbear
3265,kbg1655
3266,kbg514
3267,kbillw04
3268,kbj061116
3269,kbj2k
3270,kbk0410
3271,kbm0652
3272,kbmin24
3273,kbpark9898
3274,kbs_seon
3275,kby9906
3276,kc2585
3277,kc960923
3278,kcc1380
3279,kcc9827
3280,kchangwook
3281,kchung1995
3282,kckjn97
3283,kcm0147
3284,kcseo25
3285,kcv456
3286,kcy021012
3287,kd3859
3288,kdd0419
3289,kdg1449
3290,kdh01517
3291,kdh0406
3292,kdh101800
3293,kdhae1231
3294,kdhmny
3295,kdhoon07
3296,kdhs6953
3297,kdhwan4814
3298,kdjames0930
3299,kdlqudrb
3300,kdmkjm
3301,kdo6301
3302,kdog1503
3303,kdream2620
3304,kds0339
3305,kds2048
3306,kdtoaj14
3307,kdu133
3308,kduckk00
3309,kdw7932
3310,kdw8573
3311,kdwtom
3312,kdy246
3313,kdyfloat
3314,kebee95
3315,kec1226
3316,keh0711
3317,keith
3318,kenew
3319,kengh2472
3320,kenis7
3321,kensei719
3322,kenwooshim
3323,kerriganlove
3324,kes0716
3325,kesarossss
3326,kevin0401
3327,kevin1211
3328,kevin1231
3329,kevin19984
3330,kevin61
3331,kevin981111
3332,kevinlys00
3333,kevinsungcjh
3334,kew5638
3335,keykat
3336,keystone7
3337,kfanfanb
3338,kge1381
3339,kge950
3340,kgh1030
3341,kghtiger
3342,kgj291
3343,kgmin604
3344,kgp1202
3345,kgr4163
3346,kgu0515
3347,kgun610
3348,kgw1704
3349,kgw4073
3350,kh0712
3351,kha5064
3352,khakha93
3353,khb1109
3354,khcho902
3355,kheee512
3356,kher1128
3357,khg878
3358,khi4715
3359,khj0426
3360,khj0900
3361,khj10300
3362,khj20006
3363,khj940829
3364,khj9709
3365,khjeon5
3366,khji1210
3367,khjin818
3368,khk9346
3369,khmchris
3370,khndhkx123
3371,khnkyu
3372,kho2867
3373,khosungpil
3374,khrbuddy03
3375,khsung0
3376,khy1234
3377,khye
3378,khyup0629
3379,kia0097
3380,kiasu93
3381,kick_snare
3382,kidscop99
3383,kih1024
3384,kih629
3385,kiho1998
3386,kiikvv
3387,kiimak
3388,kijh30123
3389,kiki223
3390,kiki3700
3391,kiki9484
3392,kikiki156
3393,kiles1201
3394,kilhyunii
3395,kilky
3396,kim6394
3397,kim76744
3398,kim93939
3399,kimbm0817
3400,kimboguk
3401,kimbregas
3402,kimbz123
3403,kimchanjato
3404,kimdh425
3405,kimdle2
3406,kimdon17
3407,kimdu1234
3408,kimdw2603
3409,kimdw9983
3410,kimdy3550
3411,kimgs0725
3412,kimhan0515
3413,kimhero
3414,kimhj4485
3415,kimhojin98
3416,kimhsuk97
3417,kimhw0820
3418,kimhy4480
3419,kimhyju1008
3420,kimi0704
3421,kimjea23
3422,kimjeongin
3423,kimjong1
3424,kimjy0126
3425,kimjy199
3426,kimjy392
3427,kimjy9218
3428,kimm240
3429,kimmeh4
3430,kimmin4051
3431,kimmingi300
3432,kimmjieun
3433,kimmysh
3434,kimnamu
3435,kimnanhee
3436,kimpika
3437,kimsezin
3438,kimss7334
3439,kimsung97
3440,kimtaiwhan
3441,kimtg3
3442,kimth0022
3443,kimtree97
3444,kimwj317
3445,kimwj9792
3446,kimwt2008
3447,kimyj0134
3448,kimyj0910
3449,kimyj9501
3450,kimyl105
3451,kimym7490
3452,kimyongjun3097
3453,kimys
3454,kimys0279
3455,kimyu0218
3456,kimyuminy
3457,kim_ch
3458,kim_sang_oh
3459,king114
3460,kingcrown20200
3461,kingg89
3462,kingsejong
3463,kingsley
3464,Kingsoo
3465,kingsubin
3466,kingzino
3467,kinservice
3468,kiogn0307
3469,kiosk099
3470,kippem9088
3471,kis03160
3472,kiseop91
3473,kisin1530
3474,kiss5489
3475,kissesjelly
3476,kiteline93
3477,kittyjiwoo
3478,kiung22
3479,kiwon0502
3480,kiyaaa
3481,kizarrd10
3482,kj95287190
3483,kja8147
3484,kje7584
3485,kjh0114
3486,kjh107704
3487,kjh3141
3488,kjha2142
3489,kjha96
3490,kjhchlrdh
3491,kjhktc
3492,kjhyeon48
3493,kjiwhan0120
3494,kjj13
3495,kjjee99
3496,kjjzz9684
3497,kjm2149
3498,kjms0820
3499,kjr3359
3500,kjs0648
3501,kjs3829
3502,kjsd007
3503,kjs_214
3504,kjw0323
3505,kjw03230
3506,kjw0914
3507,kjw2007
3508,kjw2448
3509,kjy951207
3510,kk0640
3511,kkamggik
3512,kke0355
3513,kkg0510
3514,kkghckd
3515,kkgmco0825
3516,kkh9946
3517,kkigom
3518,kkim509
3519,kkj3263
3520,kkk1010
3521,kkk5474096
3522,kkk950928
3523,kkkiko
3524,kkkkkkkkfkfk
3525,kkkkkkkkkjw12
3526,kkmin223
3527,kko1234
3528,kkomabear1227
3529,kks0755
3530,kksp12y
3531,kkt1995
3532,kkum94
3533,kkupalro
3534,kkwinwin95
3535,kkygood3
3536,kkyung0321
3537,klasnkv
3538,klata0206
3539,kln99988
3540,klnph1017
3541,klw940
3542,klxex
3543,klyssy1
3544,kmathl96
3545,kmb0502
3546,kmc7468
3547,kmellon
3548,kmg0512
3549,kmgeu123
3550,kmh03214
3551,kmhwa09
3552,kmight0518
3553,kminamy
3554,kminheuk
3555,kmj951015
3556,kmjhc
3557,kmk324
3558,kmkim0108
3559,kmking
3560,kms0203
3561,kms0644804
3562,kms920612
3563,kmsk99
3564,kmslkh
3565,kmsmsms0514
3566,kmusam
3567,kmutal712
3568,kmy0433
3569,knkk0807
3570,knoc5215
3571,know
3572,knowledge
3573,kny031016
3574,ko9503
3575,koagjw
3576,kocan9803
3577,kocha24
3578,kodasjeib
3579,kog2t01
3580,kogh2002
3581,koko0757022
3582,koko1198
3583,kokojong
3584,kokorin
3585,koll0070
3586,kom1275
3587,kombucha
3588,komj
3589,komogoon
3590,kong9410
3591,kongyi123
3592,kong_22
3593,kood777
3594,kop4845
3595,korca0220
3596,kordreamfollower
3597,korea1782
3598,korea2660
3599,korea3611
3600,koreakhs
3601,koreakkrea12
3602,koreii
3603,korshrimp
3604,korxn2489
3605,kosb15
3606,kosejong
3607,koseyeon
3608,kosnoa
3609,koxogml
3610,koy2034
3611,koyanala
3612,koycc1220
3613,kp6069
3614,kpw2088
3615,kqkdn
3616,kraftenty
3617,kreel94
3618,krh963852
3619,krju13
3620,krlittle
3621,krs1232
3622,krutg
3623,kr_heaon
3624,ks0522
3625,ks1101
3626,ksaul77
3627,ksb5535
3628,ksci195
3629,kscodebase
3630,ksd5653
3631,ksgf988
3632,ksgg1
3633,ksgkms23
3634,ksh0414
3635,ksh0929
3636,ksh940925
3637,ksil
3638,ksj14
3639,ksj9665
3640,ksjlinker
3641,ksk
3642,ksks0908
3643,ksks723
3644,kskung2
3645,ksl1342
3646,ksl930425
3647,kslhk8
3648,ksm7250432
3649,ksmzzang2003
3650,ksr3270
3651,ksrksr15
3652,kss153
3653,ksshlee
3654,kssrcn
3655,ksungy0627
3656,ksw4232
3657,ksw8758
3658,ksw9997
3659,ksx0330
3660,ksy1676525
3661,ksy376
3662,ktasha45
3663,ktj432
3664,ktjooho
3665,ktlsn1234
3666,ktm1296
3667,ktodw98
3668,ktp12
3669,kts1234
3670,kts1890
3671,ktt7566
3672,ktw020406
3673,ktwasd
3674,ktwin01
3675,ktw_550111
3676,ktypouoo
3677,kua
3678,kubera0102
3679,kuc0919
3680,kud8649
3681,kudave20
3682,kufmid
3683,kuidoli
3684,kuk6933
3685,kuk941025
3686,kum4950
3687,kumsh0330
3688,kun452
3689,kunyjf
3690,kuro11pow2
3691,kusohyeon
3692,kuu
3693,kuy04195
3694,kv829ly
3695,kwak2418
3696,kwakms123
3697,kwangkorea
3698,kwg402
3699,kwj426
3700,kwko97
3701,kwl3434
3702,kwon1121
3703,kwon5891
3704,kwon9348
3705,kwonarseus
3706,kwonliz
3707,kwonow1
3708,kwonsson
3709,kws4022
3710,kws7327
3711,ky014789
3712,kyc0517
3713,kye0715
3714,kyeon9
3715,kyg516
3716,kygkth2011
3717,kyhdudgns113
3718,kyj3274
3719,kyjin116
3720,kyjin2881
3721,kyky1003
3722,kykyu
3723,kyle456
3724,kylekim017
3725,kyleoh95
3726,kylin0131
3727,kym1924
3728,kym8821
3729,kyma123
3730,kyo289
3731,kyoutae93
3732,kyr4515
3733,kyrsmreo
3734,kys1130
3735,kyu9341
3736,kyun1016
3737,kyungse1171
3738,kyungsub1996
3739,kyungwoon91
3740,kyw6434
3741,kywho0915
3742,kywoo26
3743,kyy980708
3744,k_blomkv
3745,l2minep
3746,l2x3ge
3747,l4538
3748,laaang93
3749,lacram
3750,lacrimosa
3751,laewon52
3752,lahee0731
3753,lahyllas42
3754,lake
3755,lalalalz
3756,lalua456
3757,lamknh
3758,lapi5
3759,larcane
3760,last_remote
3761,lateson
3762,laurach99
3763,lay
3764,lay0711
3765,lbg030
3766,lcdbba
3767,lch32111
3768,lchans0319
3769,lcjdh0906
3770,lcn0412
3771,lcs11244
3772,lcs5382
3773,lcw_1030
3774,ldb0820
3775,ldd0901
3776,ldg0005
3777,ldh019
3778,ldhhello
3779,ldj050101
3780,ldj526
3781,ldj6192
3782,ldm0201
3783,ldy9320
3784,leaderj1001
3785,ledi000
3786,lee1201zxc
3787,lee2003121
3788,lee965870
3789,leeari
3790,leech9876
3791,leechoong
3792,leecjs00
3793,leedjik
3794,leedy02
3795,leedy1471
3796,leee1124
3797,leeez0128
3798,leefree3
3799,leegh963
3800,leeghkvud
3801,leegw
3802,leeh4743
3803,leehd660
3804,leehnkg
3805,leehun456
3806,leehwoo0119
3807,leehyun22
3808,leejaejoon
3809,leejh3907
3810,leejh8372
3811,leejh9226
3812,leejk118
3813,leejk9592
3814,leejo223
3815,leejr320
3816,leejs1030
3817,leejunhee59
3818,leejy8506
3819,leek018
3820,leekh2002
3821,leekyungmo12
3822,leem8106
3823,leemh9176
3824,leemh9207
3825,leeminhyeok
3826,leeminjae
3827,leemw513
3828,leesch19
3829,leesedol
3830,LeeSeungYun
3831,leesiheun
3832,leesj8676
3833,leessunny95
3834,leeugun123
3835,leewonseok2
3836,leey2278
3837,leeyb7409
3838,leeyj1116
3839,leeyjeen
3840,legendmic2
3841,legg0724
3842,lego0520lwy
3843,legojini
3844,leguyong
3845,leh0629
3846,lein
3847,leinad2
3848,lejent3
3849,lejj0106
3850,lemonlime
3851,lena04
3852,lentti
3853,leohong163
3854,leon951
3855,leonardkkh
3856,leonhard
3857,letyousmile
3858,lexio
3859,leye195
3860,lgb1115
3861,lgm9
3862,lgs5751
3863,lhaayy
3864,lhch2004
3865,lhgwoo2
3866,lhj0815
3867,lhs456852
3868,lhs8701
3869,lhs961021
3870,lhw6843
3871,lhy332
3872,lian
3873,liasder
3874,lickelon
3875,lifecream
3876,lightjean
3877,lightmare
3878,lighton
3879,lightsn52
3880,liijang10
3881,likehh
3882,like_yu
3883,lily0
3884,lim1134
3885,lim3944
3886,limd123
3887,limdlaxogns
3888,limdongjin
3889,limguswls
3890,limhaksu
3891,limhyun
3892,limjh2255
3893,limjisuu
3894,limjun92
3895,limlee
3896,limnoung
3897,limtsoo
3898,limulu
3899,linear
3900,linear114
3901,line_jin
3902,linirini
3903,liomessi
3904,lion091117
3905,lion1735
3906,lio_oil7
3907,litch0s2
3908,litehell
3909,litmu2g
3910,littlefugue
3911,liveinpeace
3912,liyusang1
3913,lja1018
3914,ljh0903
3915,ljh0940
3916,ljh4701
3917,ljh9601
3918,ljhhasang
3919,ljjk159
3920,ljjun0702
3921,ljs0630
3922,ljw2889
3923,ljwh1231
3924,ljwon1995
3925,ljy4201
3926,lk0302
3927,lk1359
3928,lkc263
3929,lke1004
3930,lkmlkm00
3931,lko0365
3932,lkoiescg2031
3933,lkw4357
3934,lkwks
3935,lkyxbar
3936,llegokid
3937,llewrog
3938,llgywls
3939,lljhms
3940,llynn97
3941,lmbot1ml
3942,lmcoa15
3943,lmgss2222
3944,lmh315
3945,lmistd0322
3946,lmklove0
3947,lmwuniv9289
3948,lndoor_shoes
3949,load0117
3950,loc9245
3951,lodger0812
3952,loechnuj
3953,loes353
3954,lofi
3955,log2hong
3956,logeon0725
3957,logicalcjw
3958,logio
3959,loin
3960,lokilo
3961,long0214
3962,longeststreak
3963,look014
3964,loolooa
3965,lordnet
3966,lostchild
3967,losthistory
3968,louche49
3969,louis2006
3970,lov21y
3971,love2986
3972,love94610
3973,lovelhs97
3974,loveljh
3975,lovely5572
3976,lovelysi0113
3977,lovemimo
3978,loveshurt
3979,loveto3
3980,love_adela
3981,lowblow91
3982,loy15091
3983,lsb918
3984,lsc4719
3985,lsd
3986,lse1212
3987,lse2625
3988,lsh0510
3989,lsh104305
3990,lsh51021
3991,lsh5269
3992,lsh9159
3993,lsh9672
3994,lsj010320
3995,lsj0822
3996,lsjppp1
3997,lsm0198
3998,lsm1015
3999,lsouheev4968
4000,lss0524
4001,lsvk9921
4002,lsw2379
4003,lsw725
4004,lsy173
4005,lsy4723
4006,lsybrighten
4007,ltb5977
4008,ltg9612
4009,ltnscp9028
4010,lub1158
4011,lubiksss1
4012,lucas6624
4013,lucas_one
4014,lucete030
4015,lucia0915
4016,lucian0910
4017,lucidash
4018,luckyhan1013
4019,luckystay
4020,lucple
4021,ludio
4022,luegil
4023,lufovic77
4024,luis2137
4025,lukas_j_han
4026,luke6624
4027,lukev3
4028,lukince
4029,luminabean
4030,lunahc92
4031,lunapocket
4032,lunatic1997
4033,lunuy
4034,lurawliza
4035,lustful_guy
4036,luvlee21
4037,luxx11
4038,luz0415
4039,lvcm2018
4040,lvvvy
4041,lwh1992
4042,lwskms
4043,ly0738
4044,lyb35548
4045,lycoris1600
4046,lyg726016
4047,lyh4186
4048,lyj4032
4049,lynn29
4050,lys514
4051,lys7442
4052,lys7aves
4053,lys8325
4054,lyung_0
4055,l_hyun
4056,m03151919
4057,m1060465
4058,m4kgsjd
4059,m980107
4060,mac0314
4061,maecsan1
4062,maeho1459
4063,magatonman
4064,magenta
4065,magicworld
4066,mah
4067,maizer51
4068,maker29
4069,makukthegamer
4070,malbong
4071,malrangman
4072,manduk05
4073,mangekyou
4074,mango2
4075,manuna530
4076,many
4077,manybirds
4078,manyreasonlol
4079,mapbox
4080,maplestorysp
4081,mar5924
4082,mardi83494
4083,marinemaro
4084,marinesnow34
4085,marrin1101
4086,mars20412
4087,Martian
4088,maru105kr
4089,maruii
4090,masioka
4091,masterchip
4092,masterpug99
4093,masterz
4094,mastojun
4095,mata6535
4096,mataeil
4097,mathop
4098,mathtrauma
4099,math_rabbit_1028
4100,matt4728
4101,max8276
4102,max9106
4103,maxpridy
4104,maxx1027
4105,mayora
4106,mayo_pig
4107,mayshin10
4108,maytryark
4109,mbae059
4110,mciron3567
4111,mckingtori
4112,md05029
4113,md2543
4114,mdiu2203
4115,me081004
4116,me33x3
4117,meanaccto
4118,mecd
4119,medic_programmer
4120,medityphoon
4121,mee9204
4122,meeeeeyaaa
4123,megaton920
4124,mekind
4125,mel1015
4126,melissa0405
4127,melllon00
4128,mellow3632
4129,melon10242
4130,melon1124
4131,melonasona
4132,meloncha0205
4133,melonpeach
4134,melontart
4135,melrose98
4136,melthleeth
4137,mementohora
4138,mendel0503
4139,mendou12
4140,mengchi501
4141,mengno5314
4142,menstoo95
4143,meruho
4144,mesozoa
4145,messi
4146,methe12345
4147,metrog
4148,mettew0585
4149,meumang
4150,mevol
4151,mgkim011
4152,mh1kim
4153,mhericlee
4154,mhj5494
4155,mhy908
4156,michro2
4157,micro155
4158,midaslmg
4159,midori
4160,miemu
4161,migom
4162,migu554
4163,mike0726
4164,mikejigglypuff
4165,mikle8244
4166,milcamboo
4167,miles94
4168,milkboy2564
4169,milkwmerry
4170,million_theater
4171,mimik489
4172,mimmyum
4173,min000914
4174,min05
4175,min08101
4176,min0867
4177,min103jun
4178,min19828257
4179,min390
4180,min413
4181,min8834
4182,minbg717
4183,mincoln419
4184,mingyu9811
4185,minha61
4186,minhookang
4187,minhye11
4188,mini0shark
4189,mini9075
4190,minigold92
4191,mininii
4192,minjun
4193,minkc01
4194,minki319
4195,minkim3987
4196,minkiminki
4197,minkue777
4198,minkwon4
4199,minoyo
4200,minpeter
4201,minryul
4202,minsang0850
4203,minseo1616
4204,minseoi
4205,minsh
4206,minshigee
4207,minshogi
4208,minsiwon00
4209,minsonyo
4210,minssc
4211,minsung05
4212,mint3759
4213,mintway0341
4214,minu0122
4215,minuet1215
4216,minuk1236
4217,minwin
4218,minwoobello
4219,minyoung403
4220,miria
4221,miryu
4222,misoning
4223,mitcbj
4224,mitziffys
4225,miusha
4226,mixmake00
4227,mixnuts
4228,miyeok2ee
4229,mj00822
4230,mj1ee
4231,mjchoi25
4232,mjhwang96
4233,mjoo1106
4234,mjpark
4235,mjy0750
4236,mjy3966
4237,mk1604
4238,mkjang123
4239,mkkw0228
4240,mknl8520
4241,mks0705
4242,mlleo
4243,mm9176715
4244,mmdsds
4245,mmhdfmh
4246,mmiimin
4247,mminjg
4248,mmk8292
4249,mmmm4z
4250,mmnm3
4251,mmow110
4252,mmpj
4253,mnikjs
4254,mo0nlight0
4255,mod96
4256,mogu5723
4257,mohai2618
4258,mokalover
4259,mokiia
4260,moktak072
4261,molinadejan
4262,molkanglee
4263,mommoo
4264,momo1031
4265,momosiros
4266,mondsichel123
4267,monkshj
4268,mooksys
4269,moon7077
4270,moon960323
4271,moon99
4272,moondea2
4273,mooner92
4274,moonhl
4275,mooni
4276,moonrabbit2
4277,moonsbeen
4278,moonshine
4279,moonya
4280,mop2018
4281,moran991231
4282,moritongyi
4283,morningschool
4284,morningstar9047
4285,morpheus
4286,morphing25
4287,mosw7
4288,moveside
4289,mowell
4290,moyoungmin
4291,mpcato
4292,mpq05
4293,mpsa001
4294,mraz3068
4295,mrgentle1
4296,mrlee777
4297,mrpjs21c
4298,MrSeo
4299,mrxtop
4300,ms001118
4301,ms0328
4302,ms98127
4303,msc9533
4304,msg016
4305,msh1273
4306,msh5633
4307,msjeong482
4308,msk32
4309,mslim8803
4310,msm1029
4311,msnodeve
4312,msqt
4313,mstone8370
4314,mtb7390
4315,mtso15
4316,mu1616
4317,mu3980
4318,mud7729
4319,muiruat
4320,mulll
4321,mulmandoo
4322,mulmuri
4323,mung3477
4324,munis
4325,munmun2004
4326,mureya17
4327,murra
4328,music2eye
4329,music468
4330,muzaby
4331,muzee99
4332,mwngh
4333,mwryan
4334,myc228
4335,mycool0905
4336,myduddlf
4337,myeong1547
4338,myeongjin0
4339,mygm1302
4340,myk5436
4341,mylee553
4342,mymasteryi
4343,mymelody
4344,mymoonkyu
4345,myoungji
4346,myoungs14
4347,mypark3424
4348,myr
4349,mys0226
4350,mystic778
4351,mystyle_me
4352,myteather
4353,mythofys
4354,myu1231
4355,myuju419
4356,mywonkim
4357,mzeong
4358,n2ptune
4359,n99joon
4360,na0173
4361,nablekim94
4362,nacean
4363,nagion
4364,nagta
4365,nahappy15
4366,nahyun0128
4367,nahyun1234
4368,nahyunee24
4369,nahyunho1030
4370,nailbrainz
4371,naixt1478
4372,najida369
4373,nakoon
4374,nalda1538
4375,nam2934
4376,namdh0911
4377,nameless
4378,namer12
4379,namhyunho1233
4380,nami0515
4381,namicad
4382,namu1092
4383,namu1714
4384,namuk9872
4385,nan308
4386,nandong1104
4387,nanenchanga
4388,nang1023
4389,nano6384
4390,nappappa
4391,narae_dev
4392,narlo23
4393,nasilso
4394,naverstop
4395,navinad
4396,nay0901
4397,naya543
4398,nce0130
4399,needlessv
4400,needsomecash
4401,neity16
4402,neku3219
4403,nemostar5
4404,neoh
4405,neohaps
4406,neonsign
4407,neo_alban
4408,nerdroid
4409,ness9917
4410,nestle7474
4411,nevergiveup
4412,newbieleo
4413,newcomet
4414,newhar
4415,newsound
4416,new_ht0504
4417,nexus94
4418,ney9083
4419,nfysh73
4420,ng8200
4421,ngen7232
4422,ngeol564
4423,ngsk0421
4424,nhjkjh0608
4425,nhne
4426,niceb5y
4427,nichro
4428,niji_k
4429,nikeinmyheart
4430,niklasjang
4431,ninehundred
4432,nis9857
4433,njh0317
4434,njh3321
4435,njh7799
4436,nkb7714
4437,nks1313
4438,nnyam3831
4439,noahdy967
4440,noasax
4441,nochedeuyuni
4442,nocturne07
4443,nodeover
4444,noelbird
4445,nogari
4446,nogo22
4447,nokh9503
4448,nokia
4449,nomad8
4450,nomar0107
4451,nona1314
4452,noname0815
4453,nonamed
4454,noname_0x16
4455,nono5546
4456,nonobbbnobnon
4457,nooob
4458,noop103
4459,noorycode
4460,nopanderer
4461,nopx90
4462,normit
4463,nosorae
4464,nosouls2
4465,nosun4938
4466,note30704
4467,nothingct
4468,notorioush2
4469,nowhereno
4470,npclinic3
4471,npcplayer0206
4472,npr04100
4473,npverpn
4474,nsg
4475,nsh829
4476,nsun9505
4477,nsy0916
4478,nub8p
4479,nullist123
4480,numna
4481,nutmy52
4482,nw4611
4483,nwerl
4484,nwh0512
4485,nx20028
4486,nyhs0066
4487,nyj9288
4488,nyk931216
4489,nyuan
4490,nzkim1234
4491,o3ohanas
4492,o98123
4493,oasis
4494,obba301
4495,obkh32
4496,oblige
4497,obliviate195
4498,obo314
4499,octane
4500,octopus96
4501,odeebh
4502,odh3511
4503,oduodg
4504,officeman
4505,ogh3568
4506,oh0714
4507,oh19423
4508,oh2279
4509,oh980225
4510,oha2836
4511,ohdo123
4512,ohdoyoel
4513,ohh93mk
4514,ohhamma
4515,ohhnoh
4516,ohhyungsuh
4517,ohksj77
4518,ohm55545
4519,ohmy_josh
4520,ohsang98
4521,ohsg_0315
4522,ohsj0824
4523,ohtjqkd
4524,ohtk92
4525,ohtyt4946
4526,ohyr96
4527,ohyuni
4528,oh_hyerin
4529,oh_jae_sung
4530,oiko5
4531,oio337a
4532,oiocha
4533,oiool
4534,oiui1072
4535,oivio2356
4536,ojh2134
4537,ojh3316
4538,ojh4110
4539,ojhoshlmw
4540,ojin0611
4541,ojw970725
4542,ok2qw66
4543,ok4343
4544,okayoki2484
4545,okcho9807
4546,okrlagusdn
4547,olive_su
4548,omnix
4549,omy5123
4550,on2130
4551,onacloud
4552,onaeonae1
4553,onart
4554,one1
4555,one8775
4556,onebellfortune
4557,onejajae
4558,onelife0985
4559,onemoreyear
4560,one_sung_likes_code
4561,onkkno
4562,only_answer
4563,onshorecoding9
4564,onshow1
4565,onsil
4566,oo0617
4567,oo1463
4568,oohmydahlia
4569,ooiidd
4570,oolop
4571,oom2024
4572,oownhi88
4573,openlook
4574,oper7439
4575,operaghost
4576,ophelia172
4577,opop8834
4578,opr8632
4579,opti330
4580,options3224
4581,optshj
4582,orangecalculator
4583,orangewhitefox
4584,orb_h
4585,orb_of_zone
4586,oree1217
4587,oreocube
4588,ori844acul
4589,original131
4590,orijoon98
4591,osh
4592,osh1795
4593,oteosuk
4594,otkmrecital
4595,otter66
4596,oune
4597,ounog
4598,ouo980718
4599,ourjes
4600,ovelefdyo
4601,overbright
4602,oversteam
4603,ovokjy4756
4604,owl_coffee
4605,ownit4137
4606,owo123
4607,o_okind
4608,p106305
4609,paengjiwon
4610,pagefault
4611,pahr
4612,pajii
4613,paksak4
4614,palatable7
4615,palpali
4616,palt1230
4617,pamrk2002
4618,panda8
4619,paneko3
4620,pani
4621,panpan8
4622,pantokrator3841
4623,papace
4624,paranwing7
4625,paris0157
4626,park10882
4627,park418
4628,parkdh9018
4629,parkhs8
4630,parkhwijoo
4631,parkjaejin
4632,parkjh9229
4633,parknocbin
4634,parksu0199
4635,parkwc0213
4636,parkyh8618
4637,party07
4638,partzuk12345
4639,pass345
4640,paststar
4641,pathfinder
4642,patt1297
4643,paul5404
4644,paul9590
4645,pawer94
4646,paxbun
4647,paysmile
4648,pbg0205
4649,pbkpch
4650,pbm912
4651,pch1623
4652,pch8349
4653,pdh2383
4654,pdj1649
4655,pdophs
4656,pdsunmi
4657,pdtowctor
4658,pean04
4659,pearlcrum
4660,pec9399
4661,peds
4662,peebbv6364
4663,pega501
4664,pen2402
4665,pengin
4666,peonyf
4667,peoplestone
4668,pepetown
4669,pepper50
4670,perazim
4671,pereng11
4672,persona73
4673,pet1124k
4674,petamingks
4675,peter4549
4676,pezlunakr
4677,pgggggggggh
4678,pgh268400
4679,pghufs2015
4680,ph400
4681,pha2616
4682,phanre
4683,phantom2691
4684,phb304
4685,phg0804
4686,philsogood
4687,phm543
4688,phmi4199
4689,photo952
4690,phryxia
4691,phw1996
4692,phy9106
4693,pianojay
4694,pianory123
4695,piggyda12
4696,pigu45
4697,pilgyu12
4698,pincomomo
4699,pine7420
4700,pineapple
4701,pineleaf1215
4702,pinkku
4703,pinomini
4704,piri007
4705,pistolstar1797
4706,piter0208
4707,piuto1104
4708,piy0605
4709,pjh08190819
4710,pjh2005
4711,pjh8827
4712,pjh980918
4713,pjhh88
4714,pjj9606
4715,pjjpjj2002
4716,pjkov0824
4717,pjm0409
4718,pjm0721
4719,pjookim
4720,pjs0805
4721,pjs1997
4722,pjs7483
4723,pjs8927
4724,pjw5521
4725,pjw960316
4726,pjy0416
4727,pjych1
4728,pkch0102
4729,pkchae97
4730,pkh31337
4731,pkj6962
4732,pkjeogus
4733,pkjoho95
4734,pkward
4735,pl0892029
4736,plaire
4737,planaria
4738,planetarynebula
4739,plan_pt
4740,plast
4741,platent
4742,platinant
4743,platinaru
4744,play55
4745,plcker
4746,plmkns
4747,plmplmdnjsdn
4748,pls210
4749,plum
4750,plutokor
4751,pmb0836
4752,pmg071213
4753,pmj1010123
4754,pmqa
4755,podracer
4756,pofer95
4757,poiu090
4758,poiusky
4759,poku
4760,polaris6921
4761,polequoll
4762,polestar7
4763,polkm789
4764,polly12312
4765,pomme007
4766,ponaidhean
4767,pondtree
4768,ponyong
4769,poo1994
4770,poohlicious0
4771,pooohding
4772,poopidoopi97
4773,popeye0617
4774,poplar0713
4775,popoli31
4776,popopy0412
4777,popso
4778,poqo2
4779,pornhufs
4780,porrshe
4781,portal116
4782,portal3046
4783,pos00134
4784,posix
4785,postbg
4786,postcookie
4787,potatocake
4788,potatooftaebaek
4789,powercoding
4790,powerdavid10
4791,powerlsj7
4792,powerwonjun
4793,ppikkom
4794,ppko1233
4795,ppoppy8080
4796,ppp123
4797,ppp1898
4798,ppp9084
4799,pppqqqpq
4800,ppq23
4801,ppqhdl2
4802,prefer2
4803,pregea
4804,presentsong
4805,presso
4806,pretium
4807,prevdev
4808,pre_f_86
4809,primayy
4810,prime257
4811,prime73
4812,prkhj98
4813,progosu
4814,programmerethan
4815,progresivojs
4816,projung0722
4817,promwill
4818,ps0640
4819,psa0630
4820,psb0623
4821,psb9559
4822,pseeej
4823,pseineshi
4824,psh0313
4825,psh104404
4826,psh4253
4827,psh6464
4828,psh6585
4829,pshtony1
4830,psinwoo
4831,psj8532
4832,psj_0708
4833,psw0946
4834,pswoo27
4835,psykibaek
4836,ptcjw201
4837,ptsaturn68
4838,pty4437
4839,pu007pang
4840,pualtix
4841,puberty4ever
4842,pucca94
4843,puffnjackie
4844,puhahaha3000
4845,puleugo
4846,punct
4847,puppy
4848,purang2
4849,pureb_9924
4850,puzzle
4851,pv104
4852,pwc99
4853,pww1101
4854,pwxcq96
4855,pyb1031
4856,pyc0207
4857,pyd6119
4858,pyi7628
4859,pyj5341
4860,pyl970
4861,pym0040
4862,pyo7410
4863,pyob32
4864,pyohyu970
4865,pyoneer
4866,pyoumg
4867,pypi1103
4868,pypyth425
4869,pyro
4870,q12345
4871,qag331
4872,qazesc2h
4873,qazqww
4874,qbration21
4875,qdqd
4876,qet1123
4877,qhdld47
4878,qhdrmfdl12
4879,qhftkf1
4880,qhqhclsrn
4881,qhrb1997
4882,qhrhkd3067
4883,qhrms0528
4884,qhrrjwnd
4885,qhsgur0126
4886,qhtjd844
4887,qhvlq456
4888,qjawlsqjacks
4889,qjrmsktso2
4890,qkdlqkdl44
4891,qkfks1234
4892,qkgkq18
4893,qkqkfo
4894,qkr5689
4895,qkrdbqls1001
4896,qkrdudwns98
4897,qkrdydals327
4898,qkrekdbd
4899,qkrghdqls1
4900,qkrgks456
4901,qkrguswndk
4902,qkrjh0904
4903,qkrqhdtn3
4904,qkrqhtjd0806
4905,qkrqja0517
4906,qkrqjatn1324
4907,qkrqotjd91
4908,qkrqudwn12
4909,qkrrudtj2965
4910,qkrtjdrb9573
4911,qkrtk27
4912,qkrwhdah03
4913,qkrwjddn
4914,qkrwldnjs89
4915,qkrwldnjs929
4916,qkrwltn24
4917,qkrwndnjs
4918,qkrwnghd96
4919,qkrxowls87
4920,qktjwk123
4921,qktkzpal3301
4922,qldkssp99
4923,qldtn8
4924,qlqh0987
4925,qlqhqo2341
4926,qlqnf16
4927,qlsdud0604
4928,qmamsm123
4929,qmffld102
4930,qmflr79
4931,qoalstjr
4932,qodydgk8624
4933,qodydgus97
4934,qooqooqoo
4935,qoosajo
4936,qoperre
4937,qorfnrja
4938,qorgkr26
4939,qorrhs5354
4940,qortmddbs731
4941,qorwjdgs8951
4942,qotjdgus96
4943,qotndus43
4944,qowlz
4945,qowngus33
4946,qownstkd99
4947,qpdh1924
4948,qpeijty1
4949,qpple6
4950,qpsl2222
4951,qpsl72
4952,qqman78
4953,qqqq
4954,qrlagusdn
4955,qscv9604
4956,qse1346
4957,qu3230
4958,quack337
4959,quake37
4960,quantum
4961,quarl894
4962,qudals7613
4963,quddnr153
4964,qudgk182
4965,qudk0223
4966,qudrnr9305
4967,qudwn8712
4968,qudwns0524
4969,quickn
4970,quietgong
4971,quit
4972,quro07
4973,qustjdgns00
4974,qverck
4975,Qwaz
4976,qwd0214
4977,qwe11
4978,qwe113
4979,qwe1234567
4980,qwe20
4981,qwe910205
4982,qweadzs
4983,qweasfjbv
4984,qwedf823
4985,qweqweas
4986,qwerpoiu1236
4987,qwert107
4988,qwertara
4989,qwerty08
4990,qwerty1
4991,qwerty7525
4992,qwertyu
4993,qwq713
4994,qwqw1314
4995,qww1552
4996,r4tchette
4997,rabbit007
4998,rabbit64
4999,rabi
5000,rachel6319
5001,raekim
5002,raiden1943
5003,rainef
5004,rainshot
5005,rancho974
5006,randomtag13245
5007,random_lee
5008,rang21c
5009,raonmire
5010,rascal
5011,rational331
5012,ratlyrem
5013,ray1203
5014,razelo
5015,rb8925
5016,rbgusdlza
5017,rbtjr970525
5018,rby011
5019,rd002
5020,rds257
5021,ready2start
5022,realeyes923
5023,realnoob
5024,realtrolleryee
5025,recursive_call
5026,red1108
5027,red5857
5028,redball_var
5029,redhd0410
5030,redoc
5031,redrain
5032,redsea890
5033,redshift
5034,redsiwon
5035,redtea
5036,ree5745
5037,reenact
5038,regitiger98
5039,regular098
5040,reldn
5041,remember2889
5042,remnant0709
5043,res1235
5044,resolution15
5045,restart
5046,retro3014
5047,rettu
5048,return_18
5049,reunai
5050,revizes
5051,rew324
5052,rex
5053,rfyam8562
5054,rhacnddl
5055,rhaehfdlvn
5056,rhalsgur0086
5057,rhdqnwnd
5058,rhdtn311
5059,rheew
5060,rhekrud1204
5061,rhff1024
5062,rhino333
5063,rhj0701
5064,rhjung2001
5065,rhkdrbs06
5066,rhkgkrwkhj
5067,rhkrxodnek
5068,rhkswls98
5069,rhkswnd13
5070,rhqnrdl625
5071,rhrnak
5072,rhrnald
5073,rhsnfl1122
5074,rhtkdwls
5075,rhyuys115
5076,ric5
5077,richard0326
5078,richard2051
5079,richard25
5080,richardbae
5081,richman95
5082,ricky2216
5083,rightafter
5084,riimy
5085,rika21
5086,RiKang
5087,rilac1
5088,rile1036
5089,riley
5090,rinha3179
5091,rinrin0509
5092,rir9817
5093,ririro93
5094,risa243
5095,riverboy94
5096,riverkeh
5097,riyenas0925
5098,rjadms1028
5099,rjffjsorl12
5100,rjk159
5101,rjl
5102,rjs38
5103,rjsdntlsdj
5104,rjsgh7943
5105,rjwltps57
5106,rk28716
5107,rkas7890
5108,rkckskdk
5109,rkdahgus12
5110,rkdalsrl1005
5111,rkdalstjd21001
5112,rkdbg11752
5113,rkddkwlehd3
5114,rkddlf1221
5115,rkddlfah02
5116,rkddn88
5117,rkddnjs58
5118,rkdgnlgus2
5119,rkdgusxo66
5120,rkdr055
5121,rkdthfrb123
5122,rkdud0925
5123,rkdud4889
5124,rkdus1177
5125,rkfkwm
5126,rkr638
5127,rkzhs
5128,rla1371
5129,rla6431078
5130,rla92233
5131,rlaalsdn0506
5132,rlaalstjsoo
5133,rlaalstmd0606
5134,rlaalswo01
5135,rladbals0129
5136,rladbwls027
5137,rladbwlsdlwl
5138,rladlwls
5139,rladpcks7
5140,rladudqls0302
5141,rladudrb1200
5142,rladustn1003
5143,rlaehdms4464
5144,rlaehdwns99
5145,rlaeogh1128
5146,rlaeogus890
5147,rlafksl96
5148,rlaghtjr2
5149,rlagkswn75
5150,rlagudrb1208
5151,rlagudtn4510
5152,rlagusdn1234
5153,rlagusgh
5154,rlagustlr677
5155,rlapo
5156,rlarjs7879
5157,rlarlduf20
5158,rlarlejr282
5159,rlarlghks970113
5160,rlarudans134
5161,rlaskawn0920
5162,rlathdwls2
5163,rlatjdwo555
5164,rlatkdduq99
5165,rlatmd0829
5166,rlatmdxo1998
5167,rlatndh3111
5168,rlawhdgus
5169,rlawjddn4706
5170,rlawjddns0
5171,rlawjdghek
5172,rlawlalsy
5173,rlawldud335
5174,rlawlsgud0217
5175,rlawnsqhd2
5176,rlawodbs
5177,rlawodud9394
5178,rlawogks2468
5179,rlawogns0411
5180,rlawowns000
5181,rlaxodbs0
5182,rlaxodnd5
5183,rldnd951
5184,rlejr135
5185,rlfalsgh95
5186,rlfdldjaak22
5187,rlfehd2021
5188,rlfgud91
5189,rlfka
5190,rlgus0823
5191,rlqja6779
5192,rlrlvh
5193,rltjfkrhgo
5194,rltjr1092
5195,rlwlgus12
5196,rlwls1102
5197,rmatkddls
5198,rmfotjanj1234
5199,rmj
5200,rmrf
5201,rmrhtdms
5202,rmsid1312
5203,rmsxo1321
5204,rnfqka123
5205,rnjstmdals6
5206,rnjstpwls
5207,rnjswldnd
5208,rnjswnd1501
5209,rnldudns98
5210,rnrxo12
5211,rnska96
5212,rntmfxkfcnf
5213,rnx316
5214,robert334
5215,rockrool2
5216,rococo
5217,rodxx
5218,rohtax
5219,rohujin97
5220,roian
5221,rollony
5222,romanticist
5223,roomylee
5224,rooni97
5225,roonm813
5226,rorean
5227,rory143
5228,ror_k_l
5229,rottoy
5230,rougefleur
5231,roy1109
5232,roywnsdud
5233,rpfdjq3
5234,rptrpt
5235,rra3108
5236,rrotjd36
5237,rrstrous
5238,rs30810
5239,rsh1994
5240,rsh4297
5241,rsual
5242,rubiya
5243,rucatia
5244,ruddd8256
5245,ruddks1001
5246,ruddnjswkdwkd
5247,ruddnr9776
5248,ruddns66
5249,rudejr3459
5250,rudgh9242
5251,rudtn1406
5252,rudwns27
5253,rudzhd4281
5254,ruikg4858
5255,rumblekat
5256,runas
5257,runkey
5258,runnz121
5259,rupc
5260,rurrur098
5261,ruruxii
5262,rvd619rey
5263,rw2006
5264,rwggad
5265,ryan4321
5266,ryanpark12
5267,ryan_park
5268,ryh2803
5269,ryoo0424
5270,ryudonghun1127
5271,ryuflower
5272,ryuis
5273,ryujm1828
5274,ryuney7
5275,ryuseonghyun
5276,rywls1111
5277,rzh1008
5278,s122s122
5279,s1865915
5280,s2obi
5281,s7d8f9
5282,saa4563123
5283,sabin5105
5284,sabsari5
5285,sac7160
5286,sacomex32
5287,safkddlfks
5288,sagit25
5289,sagjin0000
5290,sagong96
5291,sahsh61ng
5292,sajiho
5293,sally288
5294,salted
5295,salyuan
5296,sam09271
5297,sammiee5311
5298,samuel9505
5299,sanddara
5300,sane2710
5301,sangchoo1201
5302,sange17
5303,sangh228
5304,sanghoonly
5305,sangjaemm21
5306,sangjun7848
5307,sangminnim
5308,sangmins23
5309,sanguineman
5310,sangw0804
5311,sangwon090
5312,sangwon98
5313,sangwoo420
5314,sangwookim
5315,sangyeop
5316,sarang1370
5317,saro97
5318,satelites
5319,satls34
5320,savagef
5321,sawol
5322,say1116
5323,say4838
5324,saytome33
5325,sazfirst
5326,sb00lgs
5327,sb03310
5328,sb121300
5329,sb123s
5330,sb9338
5331,sbhan1198
5332,sbm1992
5333,sbmsky
5334,sbs98010
5335,sbukkk
5336,sbyy77
5337,scarlet0star
5338,sch20184011
5339,sciencepark
5340,scientistkjm
5341,scif1663
5342,scleev
5343,scott0910
5344,scottsuk0306
5345,scsdavid
5346,scu7110
5347,scw0619
5348,scw1544
5349,scy7351
5350,scyho0819
5351,scyllmusik
5352,sd12339
5353,sd205
5354,sdfgcsdfgc
5355,sdhqaz
5356,sdj02130
5357,sdklld123
5358,sdkup1317
5359,sdljs74750
5360,sdm6067
5361,sdsdsf
5362,sdskykloud
5363,sdu07024
5364,sdy1051
5365,sdyoon94
5366,se120
5367,seachan94
5368,sean0422
5369,sean0525
5370,sean6743
5371,seang_g
5372,seayurre16
5373,secondcow
5374,sefrd
5375,seho4815
5376,sej9728
5377,sejchae
5378,sejin1031
5379,sejin1489
5380,sejong1477
5381,sekyo95
5382,selfish
5383,selina2000
5384,semicolin23
5385,semin0151
5386,seni
5387,senor14
5388,senyaduki
5389,seo
5390,seo4306
5391,seoh02h
5392,seohmyce
5393,seohui548
5394,seojin3154
5395,seojiwon335
5396,seokhyeon116
5397,seokzin
5398,seoljh0722
5399,seolminsik
5400,seonah
5401,seonfish
5402,seong505
5403,seongbeen93
5404,seongwoo0513
5405,seongwoo8986
5406,seonho23kim
5407,seonjoo0885
5408,seori7835
5409,seoul358
5410,seoy
5411,seoyoniee22
5412,serenade0912
5413,sermer0267
5414,setset321
5415,seu0313
5416,seulgi9834
5417,seung1lee
5418,seunghee11416
5419,seungho4136
5420,seunghoonlp
5421,seungho_lee
5422,seunghyun4525
5423,seungjiqueen
5424,seungmin96
5425,seungrokoh
5426,seungseob915
5427,seungwan37
5428,severck12
5429,sewon1407
5430,sewxer64
5431,seyeonmon
5432,seyoung1219
5433,sfmaker
5434,sgdhk
5435,sgpk0717
5436,sgy8971
5437,sh0705k
5438,shadowcat02
5439,shadowpur97
5440,shakramon
5441,shandy5833
5442,shane3606
5443,shanytt
5444,sharaelong
5445,sharhp21
5446,sharifa
5447,sharosoo
5448,shb456
5449,shb6850
5450,shbaek1997
5451,shc950217
5452,shchang
5453,shdlehdwls
5454,shdlfwkd
5455,sheenjiwon
5456,sheepeatlion
5457,shekwl24
5458,shema7k
5459,sherry92
5460,sherryx
5461,shghagen
5462,shghdwo123
5463,shhan321
5464,shi9512
5465,shiere0727
5466,shihm1212
5467,shimmb5454
5468,shimyc
5469,shin005004
5470,shin0343
5471,shin0486
5472,shingyeom02
5473,shinhj88
5474,shining8543
5475,shinise2
5476,shinjh0305
5477,shinsw6455
5478,shinwss
5479,shinyo17
5480,shinyou1024
5481,shinywon7
5482,shipinwater
5483,shj2369
5484,shk
5485,shk9809
5486,shkim050202
5487,shkim7876
5488,shkim950921
5489,shl9887
5490,shlee4290
5491,shlf6673
5492,shmoon2050
5493,shng6815
5494,shoark7
5495,shon9811
5496,shoon125
5497,shoulmon
5498,show454
5499,show534
5500,shpark0416
5501,shpark061104
5502,shpre1236
5503,shren207
5504,shs0911
5505,shs0985
5506,shsong
5507,shsshs11203
5508,shuangjutou
5509,shy625
5510,shy9546
5511,shyeunee92
5512,sia9804
5513,siasky21
5514,siazzz
5515,sibral
5516,sicha
5517,sidyddl236
5518,sidz0520
5519,siewoo0919
5520,sigening2774
5521,sigongjoa
5522,sihyun93
5523,siiz
5524,silas
5525,silbioa480
5526,silbove
5527,sillyer
5528,silvanas
5529,silver4550
5530,silverbeleian
5531,silverfeather
5532,silverysky
5533,simbaddaji
5534,simhani1
5535,simjaemun2
5536,simju1001
5537,simonyain
5538,simple
5539,simpleisthebest
5540,simsan00
5541,simseen0213
5542,simsimjae
5543,simsulison
5544,sin37minduke
5545,sin5015243
5546,sinno0503
5547,sinsil0918
5548,sinsisao
5549,sioil33333
5550,sipsyong
5551,siryoung97
5552,sis02004
5553,sis04013
5554,sisyphus
5555,siun0331
5556,siwoo
5557,sixthou
5558,siyamaki
5559,sizn08
5560,sj0414
5561,sj155
5562,sj5173
5563,sj7699
5564,sjbaek0312
5565,sjcastle98
5566,sjh2353
5567,sjh910805
5568,sjhwang
5569,sjimed
5570,sjin0704
5571,sjiwon
5572,sjjo0319
5573,sjk1111
5574,sjkim
5575,sjkwon9707
5576,sjlee0218
5577,sjo7814
5578,sjoonmin07
5579,sjs3326
5580,sjs4126
5581,sjszzang0929
5582,sju02135
5583,sjw1012
5584,sj_000
5585,sj_park
5586,sk091204
5587,sk091204091204
5588,sk1388244
5589,ska4773
5590,ska7107
5591,skadnr0621
5592,skagur10
5593,skanehfud279
5594,skang103
5595,skarmr21x
5596,skarnd9511
5597,skawltjd2000
5598,skd03052
5599,skdi3658
5600,skdlsrb1212
5601,skdltm357
5602,ske950926
5603,skekq123
5604,skeks463
5605,skepo
5606,sketchlive
5607,skfnxh0124
5608,skgb0909
5609,skgpdls11
5610,skgus822
5611,skh7343
5612,skjdhawj
5613,skjh0818
5614,skkim1998
5615,skkiss98
5616,skqk126
5617,skqlck
5618,sks20
5619,skseofhek
5620,sksj0111
5621,sksk9877
5622,sksms17456
5623,sksy368
5624,sktkddn777
5625,skvkffish
5626,skwyun
5627,skxz123
5628,sky0117
5629,sky3098
5630,skyblue5023
5631,skyde47
5632,skydevilk
5633,skydreamer21
5634,skyey94
5635,skygood95
5636,skyinbj
5637,skyisclear
5638,skylaming
5639,skynet0149
5640,skyrhim
5641,skysoon02
5642,skytower144
5643,slango
5644,slater1125
5645,slave_wintersummer
5646,slbin_park
5647,slew61
5648,slipknot0
5649,slloph720
5650,slothking12
5651,sls666
5652,slsnsepdpd
5653,slumbone
5654,sm011212
5655,smarlte
5656,smart3422
5657,smart8612
5658,smblue37
5659,smc5236
5660,smg2252
5661,sminhyuck
5662,smj0328
5663,smj91011
5664,smjdent
5665,smjin031
5666,smjun04
5667,smlee212
5668,smle_666
5669,smpak
5670,smtsyh
5671,smu04129
5672,smu06117
5673,smw123123
5674,snail0line
5675,sne12345
5676,sneakstarberry
5677,snim008
5678,snnjjang
5679,snowbj
5680,snowfirefly209
5681,snowflake
5682,snrk2010
5683,snstkfka
5684,snujoon
5685,so3500
5686,sobg9810
5687,sobija1
5688,soc06202
5689,sodapop95
5690,sodgyu
5691,sodlfmadms
5692,sodp2
5693,sodud98
5694,soeun8477
5695,softcoffee
5696,sohee
5697,sohh
5698,soilove2
5699,soink3667
5700,sojungkid
5701,solbaram
5702,solbi2004
5703,solbin0027
5704,soleil_eun
5705,solibaht
5706,solicat3380
5707,solorsystem1
5708,solsam10
5709,solu0909
5710,someday0324
5711,somjang
5712,somnus
5713,sonagi623
5714,sonam777
5715,sonbe8704
5716,sonch96
5717,song3349
5718,songc
5719,songchb
5720,songhj
5721,songibusut
5722,songjihoo
5723,songkg7
5724,songks76
5725,songmin9813
5726,songs4805
5727,songtg248
5728,songwonmin
5729,songyoungwoo070803
5730,sonhs0246
5731,sonrg53
5732,sons
5733,sonyjun
5734,sonypark
5735,soo010410
5736,soo0546
5737,soohyun6879
5738,soondl
5739,soonil0119
5740,soonsoo3595
5741,sooyoung1991
5742,soph456
5743,sophia5460
5744,sophistist
5745,sorak17
5746,sorpwjdafh
5747,sorrow4468
5748,soryrung96
5749,soslkk
5750,soso01
5751,sosow0212
5752,sossont
5753,sotter1020
5754,soulplay
5755,sounhs2000
5756,southu
5757,sowew54
5758,soyalan
5759,soyeon210
5760,soyoon417
5761,spacerangerlightyear
5762,spacesangsoo
5763,spdlqjdk1012
5764,spectre
5765,speedroid
5766,sphist94
5767,spire99
5768,spkys
5769,splato88
5770,splin
5771,spongebob
5772,spongebob1502
5773,spqjf12345
5774,spring013
5775,spring2
5776,springvil14
5777,sprudwns33
5778,sp_anyway1
5779,sr5757
5780,sr9166
5781,sri977
5782,srihweb
5783,srlee96
5784,ss20161090
5785,ssangkong
5786,ssfirg
5787,ssg2864
5788,ssh9199
5789,ssh9308
5790,sshort
5791,ssi02014
5792,ssilb4
5793,ssjf409
5794,ssk807
5795,sskimin4
5796,sskl660
5797,sso07012
5798,ssohee
5799,ssol0319
5800,ssomn
5801,ssonge413
5802,ssongkr
5803,ssonoo
5804,ssoonngg53
5805,ssparta
5806,sss777
5807,ssshhh0402
5808,ssttylish
5809,ssun
5810,ssundong0_0
5811,ssy4230
5812,ssystarsky
5813,st4889
5814,sta12321
5815,stabilizer_h
5816,stack
5817,stae1102
5818,stainblue
5819,standingbell
5820,staphaniek
5821,star6123
5822,star77sa
5823,star8041
5824,starboy0307
5825,starfishda
5826,starhot12
5827,stark1130
5828,starkensin
5829,starkim06
5830,starlover27
5831,starryah
5832,starsun20
5833,statco19
5834,steadilyworked
5835,steampower33
5836,stella0403
5837,sterght
5838,stilltime
5839,stinger0614
5840,stjert
5841,stkang9409
5842,Stoads
5843,stome159
5844,stopempty
5845,strake32
5846,strowise
5847,studioh
5848,studyhan98
5849,stupid
5850,styx160
5851,su041009
5852,su1715
5853,subform
5854,subin
5855,subin1010
5856,success
5857,suchan7311
5858,suddenly
5859,suddi
5860,sue06004
5861,suengwone
5862,suhyunkimbb
5863,suin8
5864,suiplz
5865,suite
5866,sujae03
5867,sujaekr
5868,sukh1222
5869,sukha5364
5870,sukim97
5871,sukwon0709
5872,sukwoo0711
5873,suky
5874,sumingloria77
5875,sumini0516
5876,sumni0115
5877,sumzi
5878,sum_mit45
5879,sun04303
5880,sun0728woo
5881,sun080103a
5882,sun950903
5883,sunday073
5884,sung95419
5885,sungbin5304
5886,sungdoolim
5887,sungho0830
5888,sunghoo0701
5889,sunghwan19
5890,sunghyeck17
5891,sungjun12
5892,sungyujeon
5893,suning712
5894,sunjaeho1016
5895,sunjbs98
5896,sunny6283
5897,suno
5898,sunwoo1027
5899,sunwoox
5900,sup22
5901,superaid
5902,supergrammer
5903,superhjj
5904,superl3
5905,superm
5906,superpenguin
5907,superr
5908,supreme5876
5909,supremejin03
5910,surface_03
5911,surfing2003
5912,suri030
5913,surimi
5914,surkitz
5915,susu4788
5916,suuum12
5917,svolts
5918,sw0000j
5919,swany0509
5920,swc0620
5921,swc8912
5922,swchoi1997
5923,swcunba
5924,sweeee
5925,sweetwave97
5926,swelk
5927,swff0718
5928,swinnovator
5929,swj03303
5930,swjdgy
5931,swjo502
5932,swjw13
5933,swjw14
5934,swjw28
5935,swjwpower
5936,swlee3722
5937,swon962
5938,Swote
5939,swrho
5940,swt1992
5941,swyr1016
5942,sy7235
5943,syaoran215
5944,syc00704
5945,syd0269
5946,syd03160
5947,syeon6050
5948,syis00
5949,syk0707
5950,syleekr
5951,sym2078
5952,syntaxtree
5953,syphon
5954,syshim77
5955,syw5141
5956,syy0201
5957,sy_y
5958,t139754
5959,tablemin163207
5960,tae
5961,taechacode
5962,taedy0311
5963,taehwan920
5964,taepd
5965,taewan2002
5966,taeyun1010
5967,taikun30
5968,takedown2
5969,takenpc
5970,takepigeon
5971,takinit
5972,talisman409
5973,talksame
5974,tang1993
5975,tank3dm
5976,taseaja23
5977,tasong1122
5978,taxol1203
5979,tbn23
5980,tbnsok40
5981,td1702
5982,tddhot2
5983,te06008
5984,tectec
5985,tedcho06
5986,teddy0816
5987,teddyjemjem
5988,teepij
5989,teeu
5990,tejavascript
5991,Telcontar
5992,tellmex0
5993,templer151
5994,tepmilk
5995,ter1012
5996,terada
5997,teratera123
5998,terec
5999,terriyou
6000,terrryahn78
6001,terry516
6002,tesseract
6003,test3014
6004,testing
6005,testtest4
6006,tetramad
6007,tgc333
6008,thallus
6009,thankowl777
6010,thanks092834
6011,thanku1598
6012,thaud8487
6013,thd0427
6014,thd981227
6015,thdals83
6016,thdalsrl10
6017,thddudgns97
6018,thdgmltjd123
6019,thdmsdl87
6020,thdtkgus1234
6021,thdwlsgus10
6022,thdwodnjs
6023,thdwogns0504
6024,thdwoqor
6025,theaqwe
6026,theepicpilot
6027,theft
6028,thegenius74
6029,thepalry
6030,theplatypus
6031,thered
6032,thereisnotruth12
6033,thereon42
6034,thescanthis
6035,thesmartist
6036,thesulks
6037,thesuzy
6038,thetest1
6039,thflgg133
6040,thh165
6041,think91
6042,think9573
6043,thinkingdobby
6044,thirdcow
6045,thisisnew
6046,thkang
6047,thomashan91
6048,thomas_li
6049,threedalpeng
6050,thsdnjstjq1
6051,thska12
6052,thswhdgk
6053,thswnsghvkdn
6054,thswnsqja
6055,thumbb
6056,thwjd2717
6057,thxios457
6058,thxwelchs
6059,thyung
6060,ticano
6061,tigermon
6062,tigger97
6063,tik9129
6064,tim0906s
6065,timgu
6066,timin123
6067,timssuh
6068,timtam
6069,tinny
6070,tir713
6071,tiranosm
6072,tizr2240
6073,tjd7979
6074,tjd9248
6075,tjd951
6076,tjdals333
6077,tjdals4565
6078,tjddlf
6079,tjddlf101
6080,tjddn929
6081,tjddneva
6082,tjddnjs9497
6083,tjddus424
6084,tjdejr339
6085,tjdgns7027
6086,tjdgus2319
6087,tjdgus4384
6088,tjdls513
6089,tjdqn51
6090,tjdqo0788
6091,tjdtn4806
6092,tjdwlslrj
6093,tjdwn0109
6094,tjdwns1622
6095,tjdwns5063
6096,tjdytpq0310
6097,tjehdgns0925
6098,tjfvmfdydid
6099,tjgml44
6100,tjq2702
6101,tjrals8976
6102,tjrcjf410
6103,tjrdnd0511
6104,tjrkd1024
6105,tjsals2375
6106,tjsh0111
6107,tjswlsdl135
6108,tjswn9727
6109,tjswo950
6110,tjwjd4605
6111,tjwngml96
6112,tjwnsgh34
6113,tjwoduf37
6114,tjy2202
6115,tkddms150
6116,tkddn204
6117,tkddnjs1234
6118,tkdfhr7497
6119,tkdgnsdl06
6120,tkdgnsdl37
6121,tkdgur1756
6122,tkdgur3207
6123,tkdgur4989
6124,tkdgur8377
6125,tkdgus0223
6126,tkdgus0782
6127,tkdgus5828
6128,tkdoqr1234
6129,tkdrudtkdgus
6130,tkdtn3982
6131,tkdwo287
6132,tkfkdccc
6133,tkfkddl59323
6134,tkfkdnwjd
6135,tkfkvldh1
6136,tkllllllll
6137,tks7205
6138,tkstka0023
6139,tlarbvkf
6140,tldmschl81
6141,tlgus31
6142,tls1gy2rms3
6143,tls5224
6144,tlsehdrms
6145,tlstlfgks3
6146,tlswhdgns021
6147,tlwake0511
6148,tmdals0113
6149,tmdals8798
6150,tmddbs0215
6151,tmddus5342
6152,tmdfur11
6153,tmdghks912
6154,tmdgks301
6155,tmdgns1126
6156,tmdgp970120
6157,tmdwns123
6158,tmdwo7806
6159,tmdxor30
6160,tmrhdl95
6161,tmsksfh2012
6162,tn00012
6163,tndnjs2139
6164,tndusl49
6165,tnekdla
6166,tnghks2866
6167,tngus1140
6168,tngus2057
6169,tngusdldlt123
6170,tnrms555
6171,tnsdyd10
6172,tnsnz
6173,tnswoekd
6174,tnwls0529
6175,tnwls800
6176,to302
6177,to352
6178,tobikwon0425
6179,toby0806
6180,toby369369
6181,tockiib
6182,todrkr0629
6183,tofle
6184,tokyj515
6185,tom9744
6186,tomjones
6187,tongkath
6188,tony731
6189,tonyhan
6190,tonyjjw
6191,tooo1
6192,toopy16
6193,topal3249
6194,topchae91
6195,toppi6741
6196,tothehils
6197,totok682
6198,totokisung
6199,totomo
6200,totquf52
6201,touki01
6202,towart17
6203,toy9910
6204,tozangezan
6205,tpdnstkfkd
6206,tpffl0420
6207,tpfpske
6208,tpgjs0527
6209,tph01198
6210,tpwls337
6211,treach639
6212,tree0787
6213,tree330
6214,tree5678
6215,tretre069
6216,trillion21
6217,tristanagoodgoodgirl
6218,troas96
6219,trololo
6220,troyson
6221,truetrouble
6222,trumong
6223,trust1204
6224,tryjso
6225,tryotto
6226,tsfo1489
6227,tsi04076
6228,tsiak
6229,tsvankay
6230,tsxcs
6231,ttingdol
6232,ttumzzi
6233,tuna
6234,turtle860347
6235,tuuktuc86
6236,tvxq554
6237,tw0shin00
6238,tw4204
6239,twinklesu14
6240,twinvest
6241,twitty3420
6242,twkim8548
6243,two678
6244,twoye1193123
6245,twstella
6246,ty0619
6247,ty1295
6248,tyg03485
6249,tylermyung1337
6250,tyqq12
6251,tyzlddy
6252,ua3na
6253,uaudgml98
6254,ubermen5ch
6255,ucheriya
6256,uhhyunjoo
6257,uiside
6258,uiucpass
6259,ukartic
6260,umc1997
6261,umjinsun12
6262,unagi44
6263,uncertainty
6264,unchainedsoul
6265,underarmy1216
6266,underside
6267,ung7497
6268,ungun96
6269,unibook
6270,uniform3000
6271,uniqueimaginatation
6272,uno6070w
6273,untouchable
6274,uo3641493
6275,uoo1325
6276,upbo
6277,upgrade2022
6278,upheaval212
6279,upo00
6280,uptoss12
6281,uptown666
6282,uruburu
6283,usecseu0310
6284,usefulhyun
6285,ushape
6286,usuhan09
6287,utilforever
6288,utoutouto
6289,uu0100
6290,uyoi123
6291,uyt8989
6292,vague5618
6293,valley9530
6294,valuta
6295,vanc
6296,vbnk13
6297,vcho1958
6298,vector
6299,vecum0814
6300,vegahouse102
6301,vegatrash
6302,ventania
6303,ventmast
6304,venzy
6305,veri_f
6306,very2sky
6307,vfjdg12
6308,vfly1189
6309,vhtmflzhs
6310,victor110406
6311,victorkim8128
6312,victory8237
6313,vidigummy
6314,Viento
6315,vinc88
6316,vince0419
6317,vinihani
6318,vinivin153
6319,viodle238
6320,violetleejh
6321,violette17
6322,vision1567
6323,vision929
6324,visionary
6325,vitesco
6326,vito9270
6327,vitriol95
6328,vixx960617
6329,vixyark
6330,vkdldjvkdnj
6331,vkeo3134
6332,vkfzjs0429
6333,vksekx
6334,vkxmfkdl
6335,vl0612
6336,vladimirgluten
6337,vltlswk
6338,vmfaldwntjd
6339,vmrmrtms123
6340,vnfma4810
6341,vnv73
6342,vnvnchlrh
6343,vo0oa
6344,vodhkdqufgml
6345,vomo3732
6346,vonovo123
6347,vrdhan212
6348,vreez
6349,vs970517
6350,vter07
6351,vuswl347
6352,vvprac
6353,vw9801
6354,vx0918
6355,vyrldnd
6356,w22ee1
6357,w5603
6358,wade3han
6359,wadong02
6360,wafter
6361,wak8835
6362,walker123
6363,wall0203
6364,walrus
6365,wan8234
6366,wanderer5507
6367,wanderkind
6368,wandukong
6369,wangtou
6370,wans038
6371,wantexp
6372,wanyong0919
6373,wariatros
6374,waroad
6375,wasi
6376,wateret
6377,watermelon
6378,wccho89
6379,wch18735
6380,wclee2265
6381,wdd1128
6382,wdf_day
6383,wdg2325
6384,wds0107
6385,weasel
6386,weedy7955
6387,weihyuk39
6388,welchsgrape
6389,wemanse
6390,weon1009
6391,weonseok125
6392,wer153
6393,wfapgm36
6394,wgj2050
6395,whalback
6396,whaqkwnjd12
6397,whatbe
6398,whcl303
6399,whd9612
6400,whddnd0728
6401,whddnjs5167
6402,whdduq2302
6403,whdgmawkd
6404,whdgml1996
6405,whdgur547
6406,whdvy3
6407,whelming9
6408,where369
6409,whffu2421
6410,whghdud17
6411,whgkdrjs4321
6412,whgksdyd112
6413,whgudtj1200
6414,whgywn369
6415,white6689
6416,WhiteCandy
6417,whitedelay
6418,whitehyun
6419,whiteque
6420,whitesun814
6421,whksl
6422,whomi717
6423,whow1111
6424,whowho2020
6425,whqjawls94
6426,whqkrkt04
6427,whqudghk28
6428,whraaqq
6429,whrltkd789
6430,whtjddjs0723
6431,whtjswn1029
6432,whwjdqls99
6433,whwjdrms
6434,whwotjd9090
6435,whxorb44
6436,whysoserious
6437,wicked91j
6438,wie0213
6439,wiishj
6440,wilgur513
6441,william9906
6442,williamban1517
6443,wimzzang
6444,win0216
6445,win198978
6446,win929
6447,winan305
6448,windowdong11
6449,windowed
6450,windowline1206
6451,windy10928
6452,winluck
6453,winston1214
6454,winterflower
6455,wisdom
6456,wisechang1
6457,wisest
6458,wislwlfl
6459,wistlin47
6460,withham1
6461,witt1713
6462,wj100213
6463,wj5295
6464,wjavm2
6465,wjd0115
6466,wjd86347
6467,wjdaks915
6468,wjdanfu
6469,wjdaud13580
6470,wjdchs0129
6471,wjdckfrl55
6472,wjdcldn1024
6473,wjddkdml1124
6474,wjddms5810
6475,wjddnjs7895
6476,wjddnr315
6477,wjdehdtod
6478,wjdekdms9
6479,wjdekdms99
6480,wjdemsthf
6481,wjdghks728
6482,wjdghks94k
6483,wjdgns8946
6484,wjdgoruds2
6485,wjdgur778
6486,wjdgurrj
6487,wjdgus112
6488,wjdgus3608
6489,wjdgustn15
6490,wjdnr11
6491,wjdqls0509
6492,wjdrbs96
6493,wjdrldyd0213
6494,wjdry
6495,wjdtmddn98
6496,wjdtmddnr24
6497,wjfjstkfka
6498,wjin0526
6499,wjrqur1200
6500,wjsalsrb5
6501,wjsckdrl
6502,wjsduddn0709
6503,wjsdudtn777
6504,wjsejdj
6505,wjsgkflrhtn1
6506,wjshim
6507,wjswjs6879
6508,wjswls456
6509,wjswnsgur456
6510,wjswocjf92
6511,wk0012345
6512,wk1219
6513,wkahdla123
6514,wkd3475
6515,wkd7198
6516,wkdaudfo
6517,wkddnjsdlr
6518,wkdehdlr
6519,wkdghwns97
6520,wkdtjsdn77
6521,wkdus7h
6522,wkdxorua2005
6523,wlals6105
6524,wldbs2319
6525,wldn3634
6526,wldn4444
6527,wldndsla8
6528,wldnjs0607
6529,wldnjs3690
6530,wldnjsgo0704
6531,wldudwn77
6532,wlehfdl0817
6533,wlgh325
6534,wlghks0461
6535,wlgjs0817
6536,wlgns1830
6537,wlgns2234
6538,wlgns61
6539,wlgus38
6540,wlgusdn700
6541,wlqals1
6542,wls4845
6543,wlsdk814
6544,wlsdn2165
6545,wlsdndml213
6546,wlsdnjs273
6547,wlsdnjssla1
6548,wlsduf930
6549,wlsdyd0930
6550,wlsgh7608
6551,wlsgh97
6552,wlsgks234
6553,wlsgmldjdsla
6554,wlskrla7
6555,wlsl4239
6556,wlsrud677
6557,wltks98
6558,wltmdgk
6559,wltn2814
6560,wltn3704
6561,wltnjeon0119
6562,wltnwkd21
6563,wlwlsus
6564,wlxh
6565,wmafl0423
6566,wmfrlek1107
6567,wmt14
6568,wndgus0310
6569,wndjwlstkfkd
6570,wnduq125
6571,wndus6165
6572,wndus9382
6573,wnehdtjr5
6574,wngkd441
6575,wngus7955
6576,wnguscjf01
6577,wnhoyt77
6578,wnrnjsdlf
6579,wns4773
6580,wnsdl1659
6581,wnsdn1207
6582,wnsdud00700
6583,wnsdyddld
6584,wnsgh745896
6585,wnsgur12349
6586,wnsgur1714
6587,wnstj444
6588,wnstjd123
6589,wnvy301
6590,wnwngudwns
6591,woah68
6592,woaksths
6593,woaud012
6594,wockd9600
6595,wodh0120
6596,wodhks1105
6597,wodlfdl77
6598,wodnd101
6599,wodnjs
6600,wodud2970
6601,wodud8816
6602,wodus0129
6603,wofhdjxor
6604,woga1999
6605,wogh0978
6606,wogha95
6607,woghehd
6608,wogi1
6609,wogns0108
6610,wogns1733
6611,wogns3141
6612,wognscn
6613,wognsvkxld
6614,wogud9019
6615,wogus3602
6616,won983212
6617,wonder0702
6618,wondong5
6619,wone28
6620,wonhee
6621,wonij0
6622,wonjaek36
6623,wonjongwoo01
6624,wonjun3529
6625,wonjun9090
6626,wonrok97
6627,wonseo8
6628,wonsgong
6629,wonup2
6630,wony6731
6631,wonyoung
6632,woo2484
6633,woo2771685
6634,woodnlowkey
6635,wooesi
6636,woohobi
6637,woohoocheezy
6638,woojinee92
6639,woojinhome
6640,woojinhyuk
6641,wook0805
6642,wookii
6643,wookje00
6644,wooknick
6645,wooky9633
6646,woook
6647,woos97
6648,woose28
6649,woosteelz
6650,woowowoowo
6651,woqja125
6652,workhardslave
6653,working05
6654,worl5604
6655,world2222
6656,worldi77
6657,worldismine
6658,worldweary
6659,wotj7687
6660,woua3864
6661,wow1548
6662,wown252
6663,wpqldmlrna
6664,wrllrw
6665,wrw1
6666,wrynn
6667,wseoit14
6668,wsh7787
6669,wsxc94
6670,wsy0308
6671,wurijang
6672,wurikiji
6673,wushy
6674,ww9986
6675,wwaa456
6676,wwad
6677,wwdbsh
6678,wwsohyun
6679,wwt32
6680,wya002
6681,wyj9310
6682,wyjax
6683,wyoung99
6684,x111444
6685,x21999
6686,x75201
6687,x86kernel
6688,xadmksh
6689,xavy
6690,xbfld
6691,xenomy
6692,xentle
6693,xfer
6694,xfile6912
6695,xhaktmrb
6696,xhddudqjawns
6697,xhdwhfla56
6698,xhodingsamm
6699,xiaolin219
6700,xiaopang
6701,xjffla12
6702,xkzl9830
6703,xlrnux
6704,xntm3324
6705,xodltus
6706,xodms0309
6707,xodms8713
6708,xodus0430
6709,xofkdqkqh
6710,xogh20321
6711,xoghks1397
6712,xogns0276
6713,xop4p
6714,xornjseh1216100
6715,xornrbboy
6716,xortm854
6717,xotjd183
6718,xotjr8052
6719,xownd6235
6720,xoxown
6721,xoxxo
6722,xprezentx
6723,xptmxmtest
6724,xptr33
6725,xrgsnim
6726,xron2929
6727,xtozero
6728,xtrema
6729,xubiny
6730,xuzhunhe
6731,xvezda
6732,xyom
6733,y00n_nms
6734,y0105w49
6735,y0n9
6736,y123on
6737,y1346130
6738,y1j2sung
6739,y2h000123
6740,y7133
6741,y73612
6742,yagee97
6743,yaho0615
6744,yaho166442
6745,yan0206
6746,yangdw2002
6747,yangfriendship
6748,yanghs0540
6749,yanghs6
6750,yaron_e5
6751,yb5464
6752,ybc125
6753,ybg7955
6754,ybidol
6755,ybj1217
6756,ybs1164
6757,ycho1015
6758,yd0384
6759,ydh1305
6760,yds04089
6761,yeagin
6762,years66666
6763,yeeun7873
6764,yeeybook
6765,yegyeom99
6766,yejik22
6767,yejun0157
6768,yejun2009
6769,yejun2313
6770,yejungod
6771,yek7334
6772,yen001004
6773,yenru0
6774,yeobi_01
6775,yeolpyeong
6776,yeolyi
6777,yeom456
6778,yeomju311
6779,yeong35
6780,yeonghoey
6781,yeongkyo1997
6782,yeongmo
6783,yeongtaeyt
6784,yeonji
6785,yeonjiyaaa
6786,yeonzzu45
6787,yeop94
6788,yeop9657
6789,yeoro0
6790,yereube
6791,yerim5287
6792,yermeong
6793,yetree
6794,yeunda
6795,yeveyn
6796,yewon00000
6797,yezyvibe
6798,yg2356
6799,ygk313
6800,yh0413
6801,yh07282828
6802,yh3149
6803,yhb7788
6804,yhd1411
6805,yhd9403
6806,yhj020996
6807,yhj1937
6808,yhj96
6809,yhjin210
6810,yhk0626
6811,yhms4432
6812,yhosh
6813,yhs03043
6814,yhs1887
6815,yhs693
6816,yhs7604
6817,yhspace33
6818,yht0827
6819,yhw7979
6820,yhwjd
6821,yhyeonjg
6822,yibangwon
6823,yibin99
6824,yih9329
6825,yimheesoo
6826,yiyj1030
6827,yj04242
6828,yj0703hyun
6829,yj2221
6830,yjg03298
6831,yjh0828
6832,yjh9317
6833,yjkim0122
6834,yjkwon07
6835,yjl9610
6836,yjs08090
6837,yjs1020
6838,yjs19162
6839,yjs3819
6840,yjs9495
6841,yjsmk0902
6842,yjw9700
6843,yk0318ha
6844,ykh094
6845,ykh1214
6846,ykkim97
6847,yks1997
6848,ykwon3357
6849,yky2798
6850,yl95yl
6851,yleh1126
6852,ymin1103
6853,ymkwon3
6854,yms21888
6855,yn15
6856,yn7834
6857,ynifamily3
6858,ynkim31
6859,yobs0814
6860,yohanbaeyo
6861,yonery9
6862,yong2
6863,yong5jin
6864,yonghee5733
6865,yonghole
6866,yongseong97
6867,yongu2000
6868,yongwoo1
6869,yong_g
6870,yonsweng
6871,yooasd11
6872,yoodori5
6873,yoogle
6874,yooka
6875,yoon1fe
6876,yoonho0922
6877,yoonjaej
6878,yoonki1207
6879,yoonmihy
6880,yoonsik0926
6881,yoon_1318
6882,yooseungjun0415
6883,yooso020599
6884,yoowatney
6885,yopark
6886,yoshiko
6887,you2882
6888,youcank20
6889,youdong98
6890,youeuijung
6891,youn7117
6892,young2866
6893,young4825
6894,younganswer
6895,youngbae10000
6896,youngboss
6897,younghov
6898,youngine012
6899,youngjun08300
6900,youngqaa
6901,youngseo321
6902,young_ju
6903,young_kim
6904,younkyong94
6905,yourk
6906,yoursocool
6907,youuuuuu
6908,youvebeen
6909,youwjune
6910,yr4528
6911,ys1028j
6912,ys200209
6913,ys4990
6914,ysa8497
6915,yscha
6916,ysg0306
6917,ysgg5045
6918,ysh2328
6919,ysh91461778
6920,ysilverlinery
6921,yskyu93
6922,yslim6168
6923,ystc1247
6924,ystone17
6925,ysw7470
6926,ysy093609
6927,ytlee1201
6928,YUBgorithm
6929,yuda1124
6930,yuhanbae06
6931,yuhj0214
6932,yujeong9288
6933,yujin1760
6934,yujinee
6935,yujin_a
6936,yujo
6937,yujong_lee
6938,yukhyunjin
6939,yulgok22
6940,yulli1126
6941,yulran
6942,yummygona
6943,yun0522
6944,yungahee99
6945,yunghun97
6946,yungjin702
6947,yunha1123
6948,yunjaekid
6949,yunjaena
6950,yunjingong12
6951,yunny_world
6952,yunseong14
6953,yunsu3042
6954,yunsuk0616
6955,yunyun3599
6956,yuris
6957,yuseungju
6958,yuuetu1234
6959,yuuuuub16
6960,yuyi2000
6961,yuyw0712
6962,yuzu33
6963,yuzxc
6964,yw0515
6965,yw9594
6966,ywj7373
6967,ywk0716
6968,ywonp94
6969,ywoo093
6970,ywooji
6971,ywywyw
6972,yyerim0901
6973,yyggh337
6974,yyj8771
6975,yyj940
6976,yymin1022
6977,yys456
6978,yyyy7089
6979,y_ht
6980,y_y22
6981,z9612z
6982,zad1264
6983,zalcls9512
6984,zaq615
6985,zasxer
6986,zecookiez
6987,zeki050309
6988,zenith82114
6989,zeon0521
6990,zeratul
6991,zerdiss
6992,zerfrawin
6993,zergling
6994,zerocow
6995,zerocy18
6996,zerogone
6997,zerovector
6998,zero_2
6999,Zeta611
7000,zezering2192
7001,zheld4608
7002,zhfptm12
7003,zibek
7004,zidane92
7005,zihasoo
7006,zintaho
7007,zinzun
7008,zipbob
7009,zjvlzld
7010,zkdlajt1
7011,zkoong
7012,zlmmxe
7013,zlmrzlo
7014,zlqhemqhdkm
7015,zlxldgus123
7016,zlzlelzl
7017,zm0nn
7018,zmfkr3
7019,zmfpdlwm130
7020,zmzm2260
7021,znfnfns0365
7022,znftm97
7023,znlsakxls
7024,znxkznxk1030
7025,znyuk96
7026,zoflqldks123
7027,zookhee
7028,zooleg
7029,zoomkoding
7030,zoomspeed
7031,zpapl
7032,zq3211
7033,ztaya
7034,zxc2346
7035,zxca0028
7036,zxcv859500
7037,zxcvbn658
7038,zxswv
7039,zxwnstn
7040,zxzxs112
7041,zyoa
7042,zz132456zz
7043,zz79ya
7044,zzang9haha
7045,zzangu0816
7046,zzaz1012
7047,zzerross
7048,zziuning
7049,zzoni
7050,zzsin123
7051,zzunny97
7052,zzz0484
7053,zzz4774
7054,zzz898989
7055,zzzjtjj
7056,zzzmmmxn
7057,zzzz1362
7058,zzzz465
7059,z_z
